file,var,kind,shape_or_meta
C:\Users\root\Desktop\class\math model\dataset\源域数据集\48kHz Normal\N_0.mat,X097_DE_time,matclass:double,"(243938, 1)"
C:\Users\root\Desktop\class\math model\dataset\源域数据集\48kHz Normal\N_0.mat,X097_FE_time,matclass:double,"(243938, 1)"
C:\Users\root\Desktop\class\math model\dataset\源域数据集\48kHz Normal\N_0.mat,X097RPM,matclass:double,"(1, 1)"
C:\Users\root\Desktop\class\math model\dataset\源域数据集\48kHz Normal\N_1_(1772rpm).mat,X098_DE_time,matclass:double,"(384000, 1)"
C:\Users\root\Desktop\class\math model\dataset\源域数据集\48kHz Normal\N_1_(1772rpm).mat,X098_FE_time,matclass:double,"(384000, 1)"
C:\Users\root\Desktop\class\math model\dataset\源域数据集\48kHz Normal\N_2_(1750rpm).mat,X099_DE_time,matclass:double,"(384000, 1)"
C:\Users\root\Desktop\class\math model\dataset\源域数据集\48kHz Normal\N_2_(1750rpm).mat,X099_FE_time,matclass:double,"(384000, 1)"
C:\Users\root\Desktop\class\math model\dataset\源域数据集\48kHz Normal\N_3.mat,X100_DE_time,matclass:double,"(384000, 1)"
C:\Users\root\Desktop\class\math model\dataset\源域数据集\48kHz Normal\N_3.mat,X100_FE_time,matclass:double,"(384000, 1)"
C:\Users\root\Desktop\class\math model\dataset\源域数据集\48kHz Normal\N_3.mat,X100RPM,matclass:double,"(1, 1)"
C:\Users\root\Desktop\class\math model\dataset\源域数据集\DE\12kHz B\B007_0.mat,X118_DE_time,matclass:double,"(96000, 1)"
C:\Users\root\Desktop\class\math model\dataset\源域数据集\DE\12kHz B\B007_0.mat,X118_FE_time,matclass:double,"(96000, 1)"
C:\Users\root\Desktop\class\math model\dataset\源域数据集\DE\12kHz B\B007_0.mat,X118_BA_time,matclass:double,"(96000, 1)"
C:\Users\root\Desktop\class\math model\dataset\源域数据集\DE\12kHz B\B007_0.mat,X118RPM,matclass:double,"(1, 1)"
C:\Users\root\Desktop\class\math model\dataset\源域数据集\DE\12kHz B\B007_1.mat,X119_DE_time,matclass:double,"(96000, 1)"
C:\Users\root\Desktop\class\math model\dataset\源域数据集\DE\12kHz B\B007_1.mat,X119_FE_time,matclass:double,"(96000, 1)"
C:\Users\root\Desktop\class\math model\dataset\源域数据集\DE\12kHz B\B007_1.mat,X119_BA_time,matclass:double,"(96000, 1)"
C:\Users\root\Desktop\class\math model\dataset\源域数据集\DE\12kHz B\B007_1.mat,X119RPM,matclass:double,"(1, 1)"
C:\Users\root\Desktop\class\math model\dataset\源域数据集\DE\12kHz B\B007_2.mat,X120_DE_time,matclass:double,"(96000, 1)"
C:\Users\root\Desktop\class\math model\dataset\源域数据集\DE\12kHz B\B007_2.mat,X120_FE_time,matclass:double,"(96000, 1)"
C:\Users\root\Desktop\class\math model\dataset\源域数据集\DE\12kHz B\B007_2.mat,X120_BA_time,matclass:double,"(96000, 1)"
C:\Users\root\Desktop\class\math model\dataset\源域数据集\DE\12kHz B\B007_2.mat,X120RPM,matclass:double,"(1, 1)"
C:\Users\root\Desktop\class\math model\dataset\源域数据集\DE\12kHz B\B007_3.mat,X121_DE_time,matclass:double,"(96000, 1)"
C:\Users\root\Desktop\class\math model\dataset\源域数据集\DE\12kHz B\B007_3.mat,X121_FE_time,matclass:double,"(96000, 1)"
C:\Users\root\Desktop\class\math model\dataset\源域数据集\DE\12kHz B\B007_3.mat,X121_BA_time,matclass:double,"(96000, 1)"
C:\Users\root\Desktop\class\math model\dataset\源域数据集\DE\12kHz B\B007_3.mat,X121RPM,matclass:double,"(1, 1)"
C:\Users\root\Desktop\class\math model\dataset\源域数据集\DE\12kHz B\B014_0.mat,X185_DE_time,matclass:double,"(96000, 1)"
C:\Users\root\Desktop\class\math model\dataset\源域数据集\DE\12kHz B\B014_0.mat,X185_FE_time,matclass:double,"(96000, 1)"
C:\Users\root\Desktop\class\math model\dataset\源域数据集\DE\12kHz B\B014_0.mat,X185_BA_time,matclass:double,"(96000, 1)"
C:\Users\root\Desktop\class\math model\dataset\源域数据集\DE\12kHz B\B014_0.mat,X185RPM,matclass:double,"(1, 1)"
C:\Users\root\Desktop\class\math model\dataset\源域数据集\DE\12kHz B\B014_1.mat,X186_DE_time,matclass:double,"(96000, 1)"
C:\Users\root\Desktop\class\math model\dataset\源域数据集\DE\12kHz B\B014_1.mat,X186_FE_time,matclass:double,"(96000, 1)"
C:\Users\root\Desktop\class\math model\dataset\源域数据集\DE\12kHz B\B014_1.mat,X186_BA_time,matclass:double,"(96000, 1)"
C:\Users\root\Desktop\class\math model\dataset\源域数据集\DE\12kHz B\B014_1.mat,X186RPM,matclass:double,"(1, 1)"
C:\Users\root\Desktop\class\math model\dataset\源域数据集\DE\12kHz B\B014_2.mat,X187_DE_time,matclass:double,"(96000, 1)"
C:\Users\root\Desktop\class\math model\dataset\源域数据集\DE\12kHz B\B014_2.mat,X187_FE_time,matclass:double,"(96000, 1)"
C:\Users\root\Desktop\class\math model\dataset\源域数据集\DE\12kHz B\B014_2.mat,X187_BA_time,matclass:double,"(96000, 1)"
C:\Users\root\Desktop\class\math model\dataset\源域数据集\DE\12kHz B\B014_2.mat,X187RPM,matclass:double,"(1, 1)"
C:\Users\root\Desktop\class\math model\dataset\源域数据集\DE\12kHz B\B014_3.mat,X188_DE_time,matclass:double,"(96000, 1)"
C:\Users\root\Desktop\class\math model\dataset\源域数据集\DE\12kHz B\B014_3.mat,X188_FE_time,matclass:double,"(96000, 1)"
C:\Users\root\Desktop\class\math model\dataset\源域数据集\DE\12kHz B\B014_3.mat,X188_BA_time,matclass:double,"(96000, 1)"
C:\Users\root\Desktop\class\math model\dataset\源域数据集\DE\12kHz B\B014_3.mat,X188RPM,matclass:double,"(1, 1)"
C:\Users\root\Desktop\class\math model\dataset\源域数据集\DE\12kHz B\B021_0.mat,X222_DE_time,matclass:double,"(96000, 1)"
C:\Users\root\Desktop\class\math model\dataset\源域数据集\DE\12kHz B\B021_0.mat,X222_FE_time,matclass:double,"(96000, 1)"
C:\Users\root\Desktop\class\math model\dataset\源域数据集\DE\12kHz B\B021_0.mat,X222_BA_time,matclass:double,"(96000, 1)"
C:\Users\root\Desktop\class\math model\dataset\源域数据集\DE\12kHz B\B021_0.mat,X222RPM,matclass:double,"(1, 1)"
C:\Users\root\Desktop\class\math model\dataset\源域数据集\DE\12kHz B\B021_1.mat,X223_DE_time,matclass:double,"(96000, 1)"
C:\Users\root\Desktop\class\math model\dataset\源域数据集\DE\12kHz B\B021_1.mat,X223_FE_time,matclass:double,"(96000, 1)"
C:\Users\root\Desktop\class\math model\dataset\源域数据集\DE\12kHz B\B021_1.mat,X223_BA_time,matclass:double,"(96000, 1)"
C:\Users\root\Desktop\class\math model\dataset\源域数据集\DE\12kHz B\B021_1.mat,X223RPM,matclass:double,"(1, 1)"
C:\Users\root\Desktop\class\math model\dataset\源域数据集\DE\12kHz B\B021_2.mat,X224_DE_time,matclass:double,"(96000, 1)"
C:\Users\root\Desktop\class\math model\dataset\源域数据集\DE\12kHz B\B021_2.mat,X224_FE_time,matclass:double,"(96000, 1)"
C:\Users\root\Desktop\class\math model\dataset\源域数据集\DE\12kHz B\B021_2.mat,X224_BA_time,matclass:double,"(96000, 1)"
C:\Users\root\Desktop\class\math model\dataset\源域数据集\DE\12kHz B\B021_2.mat,X224RPM,matclass:double,"(1, 1)"
C:\Users\root\Desktop\class\math model\dataset\源域数据集\DE\12kHz B\B021_3.mat,X225_DE_time,matclass:double,"(96000, 1)"
C:\Users\root\Desktop\class\math model\dataset\源域数据集\DE\12kHz B\B021_3.mat,X225_FE_time,matclass:double,"(96000, 1)"
C:\Users\root\Desktop\class\math model\dataset\源域数据集\DE\12kHz B\B021_3.mat,X225_BA_time,matclass:double,"(96000, 1)"
C:\Users\root\Desktop\class\math model\dataset\源域数据集\DE\12kHz B\B021_3.mat,X225RPM,matclass:double,"(1, 1)"
C:\Users\root\Desktop\class\math model\dataset\源域数据集\DE\12kHz B\B028_0_(1797rpm).mat,X048_DE_time,matclass:double,"(96000, 1)"
C:\Users\root\Desktop\class\math model\dataset\源域数据集\DE\12kHz B\B028_1_(1772rpm).mat,X049_DE_time,matclass:double,"(96000, 1)"
C:\Users\root\Desktop\class\math model\dataset\源域数据集\DE\12kHz B\B028_2_(1750rpm).mat,X050_DE_time,matclass:double,"(96000, 1)"
C:\Users\root\Desktop\class\math model\dataset\源域数据集\DE\12kHz B\B028_3_(1730rpm).mat,X051_DE_time,matclass:double,"(96000, 1)"
C:\Users\root\Desktop\class\math model\dataset\源域数据集\DE\12kHz IR\IR007_0.mat,X105_DE_time,matclass:double,"(96000, 1)"
C:\Users\root\Desktop\class\math model\dataset\源域数据集\DE\12kHz IR\IR007_0.mat,X105_FE_time,matclass:double,"(96000, 1)"
C:\Users\root\Desktop\class\math model\dataset\源域数据集\DE\12kHz IR\IR007_0.mat,X105_BA_time,matclass:double,"(96000, 1)"
C:\Users\root\Desktop\class\math model\dataset\源域数据集\DE\12kHz IR\IR007_0.mat,X105RPM,matclass:double,"(1, 1)"
C:\Users\root\Desktop\class\math model\dataset\源域数据集\DE\12kHz IR\IR007_1.mat,X106_DE_time,matclass:double,"(96000, 1)"
C:\Users\root\Desktop\class\math model\dataset\源域数据集\DE\12kHz IR\IR007_1.mat,X106_FE_time,matclass:double,"(96000, 1)"
C:\Users\root\Desktop\class\math model\dataset\源域数据集\DE\12kHz IR\IR007_1.mat,X106_BA_time,matclass:double,"(96000, 1)"
C:\Users\root\Desktop\class\math model\dataset\源域数据集\DE\12kHz IR\IR007_1.mat,X106RPM,matclass:double,"(1, 1)"
C:\Users\root\Desktop\class\math model\dataset\源域数据集\DE\12kHz IR\IR007_2.mat,X107_DE_time,matclass:double,"(96000, 1)"
C:\Users\root\Desktop\class\math model\dataset\源域数据集\DE\12kHz IR\IR007_2.mat,X107_FE_time,matclass:double,"(96000, 1)"
C:\Users\root\Desktop\class\math model\dataset\源域数据集\DE\12kHz IR\IR007_2.mat,X107_BA_time,matclass:double,"(96000, 1)"
C:\Users\root\Desktop\class\math model\dataset\源域数据集\DE\12kHz IR\IR007_2.mat,X107RPM,matclass:double,"(1, 1)"
C:\Users\root\Desktop\class\math model\dataset\源域数据集\DE\12kHz IR\IR007_3.mat,X108_DE_time,matclass:double,"(96000, 1)"
C:\Users\root\Desktop\class\math model\dataset\源域数据集\DE\12kHz IR\IR007_3.mat,X108_FE_time,matclass:double,"(96000, 1)"
C:\Users\root\Desktop\class\math model\dataset\源域数据集\DE\12kHz IR\IR007_3.mat,X108_BA_time,matclass:double,"(96000, 1)"
C:\Users\root\Desktop\class\math model\dataset\源域数据集\DE\12kHz IR\IR007_3.mat,X108RPM,matclass:double,"(1, 1)"
C:\Users\root\Desktop\class\math model\dataset\源域数据集\DE\12kHz IR\IR014_0.mat,X169_DE_time,matclass:double,"(96000, 1)"
C:\Users\root\Desktop\class\math model\dataset\源域数据集\DE\12kHz IR\IR014_0.mat,X169_FE_time,matclass:double,"(96000, 1)"
C:\Users\root\Desktop\class\math model\dataset\源域数据集\DE\12kHz IR\IR014_0.mat,X169_BA_time,matclass:double,"(96000, 1)"
C:\Users\root\Desktop\class\math model\dataset\源域数据集\DE\12kHz IR\IR014_0.mat,X169RPM,matclass:double,"(1, 1)"
C:\Users\root\Desktop\class\math model\dataset\源域数据集\DE\12kHz IR\IR014_1.mat,X170_DE_time,matclass:double,"(96000, 1)"
C:\Users\root\Desktop\class\math model\dataset\源域数据集\DE\12kHz IR\IR014_1.mat,X170_FE_time,matclass:double,"(96000, 1)"
C:\Users\root\Desktop\class\math model\dataset\源域数据集\DE\12kHz IR\IR014_1.mat,X170_BA_time,matclass:double,"(96000, 1)"
C:\Users\root\Desktop\class\math model\dataset\源域数据集\DE\12kHz IR\IR014_1.mat,X170RPM,matclass:double,"(1, 1)"
C:\Users\root\Desktop\class\math model\dataset\源域数据集\DE\12kHz IR\IR014_2.mat,X171_DE_time,matclass:double,"(96000, 1)"
C:\Users\root\Desktop\class\math model\dataset\源域数据集\DE\12kHz IR\IR014_2.mat,X171_FE_time,matclass:double,"(96000, 1)"
C:\Users\root\Desktop\class\math model\dataset\源域数据集\DE\12kHz IR\IR014_2.mat,X171_BA_time,matclass:double,"(96000, 1)"
C:\Users\root\Desktop\class\math model\dataset\源域数据集\DE\12kHz IR\IR014_2.mat,X171RPM,matclass:double,"(1, 1)"
C:\Users\root\Desktop\class\math model\dataset\源域数据集\DE\12kHz IR\IR014_3.mat,X172_DE_time,matclass:double,"(96000, 1)"
C:\Users\root\Desktop\class\math model\dataset\源域数据集\DE\12kHz IR\IR014_3.mat,X172_FE_time,matclass:double,"(96000, 1)"
C:\Users\root\Desktop\class\math model\dataset\源域数据集\DE\12kHz IR\IR014_3.mat,X172_BA_time,matclass:double,"(96000, 1)"
C:\Users\root\Desktop\class\math model\dataset\源域数据集\DE\12kHz IR\IR014_3.mat,X172RPM,matclass:double,"(1, 1)"
C:\Users\root\Desktop\class\math model\dataset\源域数据集\DE\12kHz IR\IR021_0.mat,X209_DE_time,matclass:double,"(96000, 1)"
C:\Users\root\Desktop\class\math model\dataset\源域数据集\DE\12kHz IR\IR021_0.mat,X209_FE_time,matclass:double,"(96000, 1)"
C:\Users\root\Desktop\class\math model\dataset\源域数据集\DE\12kHz IR\IR021_0.mat,X209_BA_time,matclass:double,"(96000, 1)"
C:\Users\root\Desktop\class\math model\dataset\源域数据集\DE\12kHz IR\IR021_0.mat,X209RPM,matclass:double,"(1, 1)"
C:\Users\root\Desktop\class\math model\dataset\源域数据集\DE\12kHz IR\IR021_1.mat,X210_DE_time,matclass:double,"(96000, 1)"
C:\Users\root\Desktop\class\math model\dataset\源域数据集\DE\12kHz IR\IR021_1.mat,X210_FE_time,matclass:double,"(96000, 1)"
C:\Users\root\Desktop\class\math model\dataset\源域数据集\DE\12kHz IR\IR021_1.mat,X210_BA_time,matclass:double,"(96000, 1)"
C:\Users\root\Desktop\class\math model\dataset\源域数据集\DE\12kHz IR\IR021_1.mat,X210RPM,matclass:double,"(1, 1)"
C:\Users\root\Desktop\class\math model\dataset\源域数据集\DE\12kHz IR\IR021_2.mat,X211_DE_time,matclass:double,"(96000, 1)"
C:\Users\root\Desktop\class\math model\dataset\源域数据集\DE\12kHz IR\IR021_2.mat,X211_FE_time,matclass:double,"(96000, 1)"
C:\Users\root\Desktop\class\math model\dataset\源域数据集\DE\12kHz IR\IR021_2.mat,X211_BA_time,matclass:double,"(96000, 1)"
C:\Users\root\Desktop\class\math model\dataset\源域数据集\DE\12kHz IR\IR021_2.mat,X211RPM,matclass:double,"(1, 1)"
C:\Users\root\Desktop\class\math model\dataset\源域数据集\DE\12kHz IR\IR021_3.mat,X212_DE_time,matclass:double,"(96000, 1)"
C:\Users\root\Desktop\class\math model\dataset\源域数据集\DE\12kHz IR\IR021_3.mat,X212_FE_time,matclass:double,"(96000, 1)"
C:\Users\root\Desktop\class\math model\dataset\源域数据集\DE\12kHz IR\IR021_3.mat,X212_BA_time,matclass:double,"(96000, 1)"
C:\Users\root\Desktop\class\math model\dataset\源域数据集\DE\12kHz IR\IR021_3.mat,X212RPM,matclass:double,"(1, 1)"
C:\Users\root\Desktop\class\math model\dataset\源域数据集\DE\12kHz IR\IR028_0_(1797rpm).mat,X056_DE_time,matclass:double,"(96000, 1)"
C:\Users\root\Desktop\class\math model\dataset\源域数据集\DE\12kHz IR\IR028_1_(1772rpm).mat,X057_DE_time,matclass:double,"(96000, 1)"
C:\Users\root\Desktop\class\math model\dataset\源域数据集\DE\12kHz IR\IR028_2_(1750rpm).mat,X058_DE_time,matclass:double,"(96000, 1)"
C:\Users\root\Desktop\class\math model\dataset\源域数据集\DE\12kHz IR\IR028_3_(1730rpm).mat,X059_DE_time,matclass:double,"(96000, 1)"
C:\Users\root\Desktop\class\math model\dataset\源域数据集\DE\12kHz OR\OR007@12_0.mat,X156_DE_time,matclass:double,"(96000, 1)"
C:\Users\root\Desktop\class\math model\dataset\源域数据集\DE\12kHz OR\OR007@12_0.mat,X156_FE_time,matclass:double,"(96000, 1)"
C:\Users\root\Desktop\class\math model\dataset\源域数据集\DE\12kHz OR\OR007@12_0.mat,X156_BA_time,matclass:double,"(96000, 1)"
C:\Users\root\Desktop\class\math model\dataset\源域数据集\DE\12kHz OR\OR007@12_0.mat,X156RPM,matclass:double,"(1, 1)"
C:\Users\root\Desktop\class\math model\dataset\源域数据集\DE\12kHz OR\OR007@12_1.mat,X158_DE_time,matclass:double,"(96000, 1)"
C:\Users\root\Desktop\class\math model\dataset\源域数据集\DE\12kHz OR\OR007@12_1.mat,X158_FE_time,matclass:double,"(96000, 1)"
C:\Users\root\Desktop\class\math model\dataset\源域数据集\DE\12kHz OR\OR007@12_1.mat,X158_BA_time,matclass:double,"(96000, 1)"
C:\Users\root\Desktop\class\math model\dataset\源域数据集\DE\12kHz OR\OR007@12_1.mat,X158RPM,matclass:double,"(1, 1)"
C:\Users\root\Desktop\class\math model\dataset\源域数据集\DE\12kHz OR\OR007@12_2.mat,X159_DE_time,matclass:double,"(96000, 1)"
C:\Users\root\Desktop\class\math model\dataset\源域数据集\DE\12kHz OR\OR007@12_2.mat,X159_FE_time,matclass:double,"(96000, 1)"
C:\Users\root\Desktop\class\math model\dataset\源域数据集\DE\12kHz OR\OR007@12_2.mat,X159_BA_time,matclass:double,"(96000, 1)"
C:\Users\root\Desktop\class\math model\dataset\源域数据集\DE\12kHz OR\OR007@12_2.mat,X159RPM,matclass:double,"(1, 1)"
C:\Users\root\Desktop\class\math model\dataset\源域数据集\DE\12kHz OR\OR007@12_3.mat,X160_DE_time,matclass:double,"(96000, 1)"
C:\Users\root\Desktop\class\math model\dataset\源域数据集\DE\12kHz OR\OR007@12_3.mat,X160_FE_time,matclass:double,"(96000, 1)"
C:\Users\root\Desktop\class\math model\dataset\源域数据集\DE\12kHz OR\OR007@12_3.mat,X160_BA_time,matclass:double,"(96000, 1)"
C:\Users\root\Desktop\class\math model\dataset\源域数据集\DE\12kHz OR\OR007@12_3.mat,X160RPM,matclass:double,"(1, 1)"
C:\Users\root\Desktop\class\math model\dataset\源域数据集\DE\12kHz OR\OR007@3_0.mat,X144_DE_time,matclass:double,"(96000, 1)"
C:\Users\root\Desktop\class\math model\dataset\源域数据集\DE\12kHz OR\OR007@3_0.mat,X144_FE_time,matclass:double,"(96000, 1)"
C:\Users\root\Desktop\class\math model\dataset\源域数据集\DE\12kHz OR\OR007@3_0.mat,X144_BA_time,matclass:double,"(96000, 1)"
C:\Users\root\Desktop\class\math model\dataset\源域数据集\DE\12kHz OR\OR007@3_0.mat,X144RPM,matclass:double,"(1, 1)"
C:\Users\root\Desktop\class\math model\dataset\源域数据集\DE\12kHz OR\OR007@3_1.mat,X145_DE_time,matclass:double,"(96000, 1)"
C:\Users\root\Desktop\class\math model\dataset\源域数据集\DE\12kHz OR\OR007@3_1.mat,X145_FE_time,matclass:double,"(96000, 1)"
C:\Users\root\Desktop\class\math model\dataset\源域数据集\DE\12kHz OR\OR007@3_1.mat,X145_BA_time,matclass:double,"(96000, 1)"
C:\Users\root\Desktop\class\math model\dataset\源域数据集\DE\12kHz OR\OR007@3_1.mat,X145RPM,matclass:double,"(1, 1)"
C:\Users\root\Desktop\class\math model\dataset\源域数据集\DE\12kHz OR\OR007@3_2.mat,X146_DE_time,matclass:double,"(96000, 1)"
C:\Users\root\Desktop\class\math model\dataset\源域数据集\DE\12kHz OR\OR007@3_2.mat,X146_FE_time,matclass:double,"(96000, 1)"
C:\Users\root\Desktop\class\math model\dataset\源域数据集\DE\12kHz OR\OR007@3_2.mat,X146_BA_time,matclass:double,"(96000, 1)"
C:\Users\root\Desktop\class\math model\dataset\源域数据集\DE\12kHz OR\OR007@3_2.mat,X146RPM,matclass:double,"(1, 1)"
C:\Users\root\Desktop\class\math model\dataset\源域数据集\DE\12kHz OR\OR007@3_3.mat,X147_DE_time,matclass:double,"(96000, 1)"
C:\Users\root\Desktop\class\math model\dataset\源域数据集\DE\12kHz OR\OR007@3_3.mat,X147_FE_time,matclass:double,"(96000, 1)"
C:\Users\root\Desktop\class\math model\dataset\源域数据集\DE\12kHz OR\OR007@3_3.mat,X147_BA_time,matclass:double,"(96000, 1)"
C:\Users\root\Desktop\class\math model\dataset\源域数据集\DE\12kHz OR\OR007@3_3.mat,X147RPM,matclass:double,"(1, 1)"
C:\Users\root\Desktop\class\math model\dataset\源域数据集\DE\12kHz OR\OR007@6_0.mat,X130_DE_time,matclass:double,"(96000, 1)"
C:\Users\root\Desktop\class\math model\dataset\源域数据集\DE\12kHz OR\OR007@6_0.mat,X130_FE_time,matclass:double,"(96000, 1)"
C:\Users\root\Desktop\class\math model\dataset\源域数据集\DE\12kHz OR\OR007@6_0.mat,X130_BA_time,matclass:double,"(96000, 1)"
C:\Users\root\Desktop\class\math model\dataset\源域数据集\DE\12kHz OR\OR007@6_0.mat,X130RPM,matclass:double,"(1, 1)"
C:\Users\root\Desktop\class\math model\dataset\源域数据集\DE\12kHz OR\OR007@6_1.mat,X131_DE_time,matclass:double,"(96000, 1)"
C:\Users\root\Desktop\class\math model\dataset\源域数据集\DE\12kHz OR\OR007@6_1.mat,X131_FE_time,matclass:double,"(96000, 1)"
C:\Users\root\Desktop\class\math model\dataset\源域数据集\DE\12kHz OR\OR007@6_1.mat,X131_BA_time,matclass:double,"(96000, 1)"
C:\Users\root\Desktop\class\math model\dataset\源域数据集\DE\12kHz OR\OR007@6_1.mat,X131RPM,matclass:double,"(1, 1)"
C:\Users\root\Desktop\class\math model\dataset\源域数据集\DE\12kHz OR\OR007@6_2.mat,X132_DE_time,matclass:double,"(96000, 1)"
C:\Users\root\Desktop\class\math model\dataset\源域数据集\DE\12kHz OR\OR007@6_2.mat,X132_FE_time,matclass:double,"(96000, 1)"
C:\Users\root\Desktop\class\math model\dataset\源域数据集\DE\12kHz OR\OR007@6_2.mat,X132_BA_time,matclass:double,"(96000, 1)"
C:\Users\root\Desktop\class\math model\dataset\源域数据集\DE\12kHz OR\OR007@6_2.mat,X132RPM,matclass:double,"(1, 1)"
C:\Users\root\Desktop\class\math model\dataset\源域数据集\DE\12kHz OR\OR007@6_3.mat,X133_DE_time,matclass:double,"(96000, 1)"
C:\Users\root\Desktop\class\math model\dataset\源域数据集\DE\12kHz OR\OR007@6_3.mat,X133_FE_time,matclass:double,"(96000, 1)"
C:\Users\root\Desktop\class\math model\dataset\源域数据集\DE\12kHz OR\OR007@6_3.mat,X133_BA_time,matclass:double,"(96000, 1)"
C:\Users\root\Desktop\class\math model\dataset\源域数据集\DE\12kHz OR\OR007@6_3.mat,X133RPM,matclass:double,"(1, 1)"
C:\Users\root\Desktop\class\math model\dataset\源域数据集\DE\12kHz OR\OR014@6_0.mat,X197_DE_time,matclass:double,"(96000, 1)"
C:\Users\root\Desktop\class\math model\dataset\源域数据集\DE\12kHz OR\OR014@6_0.mat,X197_FE_time,matclass:double,"(96000, 1)"
C:\Users\root\Desktop\class\math model\dataset\源域数据集\DE\12kHz OR\OR014@6_0.mat,X197_BA_time,matclass:double,"(96000, 1)"
C:\Users\root\Desktop\class\math model\dataset\源域数据集\DE\12kHz OR\OR014@6_0.mat,X197RPM,matclass:double,"(1, 1)"
C:\Users\root\Desktop\class\math model\dataset\源域数据集\DE\12kHz OR\OR014@6_1.mat,X198_DE_time,matclass:double,"(96000, 1)"
C:\Users\root\Desktop\class\math model\dataset\源域数据集\DE\12kHz OR\OR014@6_1.mat,X198_FE_time,matclass:double,"(96000, 1)"
C:\Users\root\Desktop\class\math model\dataset\源域数据集\DE\12kHz OR\OR014@6_1.mat,X198_BA_time,matclass:double,"(96000, 1)"
C:\Users\root\Desktop\class\math model\dataset\源域数据集\DE\12kHz OR\OR014@6_1.mat,X198RPM,matclass:double,"(1, 1)"
C:\Users\root\Desktop\class\math model\dataset\源域数据集\DE\12kHz OR\OR014@6_2.mat,X199_DE_time,matclass:double,"(96000, 1)"
C:\Users\root\Desktop\class\math model\dataset\源域数据集\DE\12kHz OR\OR014@6_2.mat,X199_FE_time,matclass:double,"(96000, 1)"
C:\Users\root\Desktop\class\math model\dataset\源域数据集\DE\12kHz OR\OR014@6_2.mat,X199_BA_time,matclass:double,"(96000, 1)"
C:\Users\root\Desktop\class\math model\dataset\源域数据集\DE\12kHz OR\OR014@6_2.mat,X199RPM,matclass:double,"(1, 1)"
C:\Users\root\Desktop\class\math model\dataset\源域数据集\DE\12kHz OR\OR014@6_3.mat,X200_DE_time,matclass:double,"(96000, 1)"
C:\Users\root\Desktop\class\math model\dataset\源域数据集\DE\12kHz OR\OR014@6_3.mat,X200_FE_time,matclass:double,"(96000, 1)"
C:\Users\root\Desktop\class\math model\dataset\源域数据集\DE\12kHz OR\OR014@6_3.mat,X200_BA_time,matclass:double,"(96000, 1)"
C:\Users\root\Desktop\class\math model\dataset\源域数据集\DE\12kHz OR\OR014@6_3.mat,X200RPM,matclass:double,"(1, 1)"
C:\Users\root\Desktop\class\math model\dataset\源域数据集\DE\12kHz OR\OR021@12_0.mat,X258_DE_time,matclass:double,"(96000, 1)"
C:\Users\root\Desktop\class\math model\dataset\源域数据集\DE\12kHz OR\OR021@12_0.mat,X258_FE_time,matclass:double,"(96000, 1)"
C:\Users\root\Desktop\class\math model\dataset\源域数据集\DE\12kHz OR\OR021@12_0.mat,X258_BA_time,matclass:double,"(96000, 1)"
C:\Users\root\Desktop\class\math model\dataset\源域数据集\DE\12kHz OR\OR021@12_0.mat,X258RPM,matclass:double,"(1, 1)"
C:\Users\root\Desktop\class\math model\dataset\源域数据集\DE\12kHz OR\OR021@12_1.mat,X259_DE_time,matclass:double,"(96000, 1)"
C:\Users\root\Desktop\class\math model\dataset\源域数据集\DE\12kHz OR\OR021@12_1.mat,X259_FE_time,matclass:double,"(96000, 1)"
C:\Users\root\Desktop\class\math model\dataset\源域数据集\DE\12kHz OR\OR021@12_1.mat,X259_BA_time,matclass:double,"(96000, 1)"
C:\Users\root\Desktop\class\math model\dataset\源域数据集\DE\12kHz OR\OR021@12_1.mat,X259RPM,matclass:double,"(1, 1)"
C:\Users\root\Desktop\class\math model\dataset\源域数据集\DE\12kHz OR\OR021@12_2.mat,X260_DE_time,matclass:double,"(96000, 1)"
C:\Users\root\Desktop\class\math model\dataset\源域数据集\DE\12kHz OR\OR021@12_2.mat,X260_FE_time,matclass:double,"(96000, 1)"
C:\Users\root\Desktop\class\math model\dataset\源域数据集\DE\12kHz OR\OR021@12_2.mat,X260_BA_time,matclass:double,"(96000, 1)"
C:\Users\root\Desktop\class\math model\dataset\源域数据集\DE\12kHz OR\OR021@12_2.mat,X260RPM,matclass:double,"(1, 1)"
C:\Users\root\Desktop\class\math model\dataset\源域数据集\DE\12kHz OR\OR021@12_3.mat,X261_DE_time,matclass:double,"(96000, 1)"
C:\Users\root\Desktop\class\math model\dataset\源域数据集\DE\12kHz OR\OR021@12_3.mat,X261_FE_time,matclass:double,"(96000, 1)"
C:\Users\root\Desktop\class\math model\dataset\源域数据集\DE\12kHz OR\OR021@12_3.mat,X261_BA_time,matclass:double,"(96000, 1)"
C:\Users\root\Desktop\class\math model\dataset\源域数据集\DE\12kHz OR\OR021@12_3.mat,X261RPM,matclass:double,"(1, 1)"
C:\Users\root\Desktop\class\math model\dataset\源域数据集\DE\12kHz OR\OR021@3_0.mat,X246_DE_time,matclass:double,"(96000, 1)"
C:\Users\root\Desktop\class\math model\dataset\源域数据集\DE\12kHz OR\OR021@3_0.mat,X246_FE_time,matclass:double,"(96000, 1)"
C:\Users\root\Desktop\class\math model\dataset\源域数据集\DE\12kHz OR\OR021@3_0.mat,X246_BA_time,matclass:double,"(96000, 1)"
C:\Users\root\Desktop\class\math model\dataset\源域数据集\DE\12kHz OR\OR021@3_0.mat,X246RPM,matclass:double,"(1, 1)"
C:\Users\root\Desktop\class\math model\dataset\源域数据集\DE\12kHz OR\OR021@3_1.mat,X247_DE_time,matclass:double,"(96000, 1)"
C:\Users\root\Desktop\class\math model\dataset\源域数据集\DE\12kHz OR\OR021@3_1.mat,X247_FE_time,matclass:double,"(96000, 1)"
C:\Users\root\Desktop\class\math model\dataset\源域数据集\DE\12kHz OR\OR021@3_1.mat,X247_BA_time,matclass:double,"(96000, 1)"
C:\Users\root\Desktop\class\math model\dataset\源域数据集\DE\12kHz OR\OR021@3_1.mat,X247RPM,matclass:double,"(1, 1)"
C:\Users\root\Desktop\class\math model\dataset\源域数据集\DE\12kHz OR\OR021@3_2.mat,X248_DE_time,matclass:double,"(96000, 1)"
C:\Users\root\Desktop\class\math model\dataset\源域数据集\DE\12kHz OR\OR021@3_2.mat,X248_FE_time,matclass:double,"(96000, 1)"
C:\Users\root\Desktop\class\math model\dataset\源域数据集\DE\12kHz OR\OR021@3_2.mat,X248_BA_time,matclass:double,"(96000, 1)"
C:\Users\root\Desktop\class\math model\dataset\源域数据集\DE\12kHz OR\OR021@3_2.mat,X248RPM,matclass:double,"(1, 1)"
C:\Users\root\Desktop\class\math model\dataset\源域数据集\DE\12kHz OR\OR021@3_3.mat,X249_DE_time,matclass:double,"(96000, 1)"
C:\Users\root\Desktop\class\math model\dataset\源域数据集\DE\12kHz OR\OR021@3_3.mat,X249_FE_time,matclass:double,"(96000, 1)"
C:\Users\root\Desktop\class\math model\dataset\源域数据集\DE\12kHz OR\OR021@3_3.mat,X249_BA_time,matclass:double,"(96000, 1)"
C:\Users\root\Desktop\class\math model\dataset\源域数据集\DE\12kHz OR\OR021@3_3.mat,X249RPM,matclass:double,"(1, 1)"
C:\Users\root\Desktop\class\math model\dataset\源域数据集\DE\12kHz OR\OR021@6_0.mat,X234_DE_time,matclass:double,"(96000, 1)"
C:\Users\root\Desktop\class\math model\dataset\源域数据集\DE\12kHz OR\OR021@6_0.mat,X234_FE_time,matclass:double,"(96000, 1)"
C:\Users\root\Desktop\class\math model\dataset\源域数据集\DE\12kHz OR\OR021@6_0.mat,X234_BA_time,matclass:double,"(96000, 1)"
C:\Users\root\Desktop\class\math model\dataset\源域数据集\DE\12kHz OR\OR021@6_0.mat,X234RPM,matclass:double,"(1, 1)"
C:\Users\root\Desktop\class\math model\dataset\源域数据集\DE\12kHz OR\OR021@6_1.mat,X235_DE_time,matclass:double,"(96000, 1)"
C:\Users\root\Desktop\class\math model\dataset\源域数据集\DE\12kHz OR\OR021@6_1.mat,X235_FE_time,matclass:double,"(96000, 1)"
C:\Users\root\Desktop\class\math model\dataset\源域数据集\DE\12kHz OR\OR021@6_1.mat,X235_BA_time,matclass:double,"(96000, 1)"
C:\Users\root\Desktop\class\math model\dataset\源域数据集\DE\12kHz OR\OR021@6_1.mat,X235RPM,matclass:double,"(1, 1)"
C:\Users\root\Desktop\class\math model\dataset\源域数据集\DE\12kHz OR\OR021@6_2.mat,X236_DE_time,matclass:double,"(96000, 1)"
C:\Users\root\Desktop\class\math model\dataset\源域数据集\DE\12kHz OR\OR021@6_2.mat,X236_FE_time,matclass:double,"(96000, 1)"
C:\Users\root\Desktop\class\math model\dataset\源域数据集\DE\12kHz OR\OR021@6_2.mat,X236_BA_time,matclass:double,"(96000, 1)"
C:\Users\root\Desktop\class\math model\dataset\源域数据集\DE\12kHz OR\OR021@6_2.mat,X236RPM,matclass:double,"(1, 1)"
C:\Users\root\Desktop\class\math model\dataset\源域数据集\DE\12kHz OR\OR021@6_3.mat,X237_DE_time,matclass:double,"(96000, 1)"
C:\Users\root\Desktop\class\math model\dataset\源域数据集\DE\12kHz OR\OR021@6_3.mat,X237_FE_time,matclass:double,"(96000, 1)"
C:\Users\root\Desktop\class\math model\dataset\源域数据集\DE\12kHz OR\OR021@6_3.mat,X237_BA_time,matclass:double,"(96000, 1)"
C:\Users\root\Desktop\class\math model\dataset\源域数据集\DE\12kHz OR\OR021@6_3.mat,X237RPM,matclass:double,"(1, 1)"
C:\Users\root\Desktop\class\math model\dataset\源域数据集\DE\48kHz B\B007_0.mat,X122_DE_time,matclass:double,"(192000, 1)"
C:\Users\root\Desktop\class\math model\dataset\源域数据集\DE\48kHz B\B007_0.mat,X122_FE_time,matclass:double,"(192000, 1)"
C:\Users\root\Desktop\class\math model\dataset\源域数据集\DE\48kHz B\B007_0.mat,X122RPM,matclass:double,"(1, 1)"
C:\Users\root\Desktop\class\math model\dataset\源域数据集\DE\48kHz B\B007_1.mat,X123_DE_time,matclass:double,"(192000, 1)"
C:\Users\root\Desktop\class\math model\dataset\源域数据集\DE\48kHz B\B007_1.mat,X123_FE_time,matclass:double,"(192000, 1)"
C:\Users\root\Desktop\class\math model\dataset\源域数据集\DE\48kHz B\B007_1.mat,X123RPM,matclass:double,"(1, 1)"
C:\Users\root\Desktop\class\math model\dataset\源域数据集\DE\48kHz B\B007_2.mat,X124_DE_time,matclass:double,"(192000, 1)"
C:\Users\root\Desktop\class\math model\dataset\源域数据集\DE\48kHz B\B007_2.mat,X124_FE_time,matclass:double,"(192000, 1)"
C:\Users\root\Desktop\class\math model\dataset\源域数据集\DE\48kHz B\B007_2.mat,X124RPM,matclass:double,"(1, 1)"
C:\Users\root\Desktop\class\math model\dataset\源域数据集\DE\48kHz B\B007_3.mat,X125_DE_time,matclass:double,"(192000, 1)"
C:\Users\root\Desktop\class\math model\dataset\源域数据集\DE\48kHz B\B007_3.mat,X125_FE_time,matclass:double,"(192000, 1)"
C:\Users\root\Desktop\class\math model\dataset\源域数据集\DE\48kHz B\B007_3.mat,X125RPM,matclass:double,"(1, 1)"
C:\Users\root\Desktop\class\math model\dataset\源域数据集\DE\48kHz B\B014_0.mat,X189_DE_time,matclass:double,"(192000, 1)"
C:\Users\root\Desktop\class\math model\dataset\源域数据集\DE\48kHz B\B014_0.mat,X189_FE_time,matclass:double,"(192000, 1)"
C:\Users\root\Desktop\class\math model\dataset\源域数据集\DE\48kHz B\B014_0.mat,X189RPM,matclass:double,"(1, 1)"
C:\Users\root\Desktop\class\math model\dataset\源域数据集\DE\48kHz B\B014_1.mat,X190_DE_time,matclass:double,"(192000, 1)"
C:\Users\root\Desktop\class\math model\dataset\源域数据集\DE\48kHz B\B014_1.mat,X190_FE_time,matclass:double,"(192000, 1)"
C:\Users\root\Desktop\class\math model\dataset\源域数据集\DE\48kHz B\B014_1.mat,X190RPM,matclass:double,"(1, 1)"
C:\Users\root\Desktop\class\math model\dataset\源域数据集\DE\48kHz B\B014_2.mat,X191_DE_time,matclass:double,"(192000, 1)"
C:\Users\root\Desktop\class\math model\dataset\源域数据集\DE\48kHz B\B014_2.mat,X191_FE_time,matclass:double,"(192000, 1)"
C:\Users\root\Desktop\class\math model\dataset\源域数据集\DE\48kHz B\B014_2.mat,X191RPM,matclass:double,"(1, 1)"
C:\Users\root\Desktop\class\math model\dataset\源域数据集\DE\48kHz B\B014_3.mat,X192_DE_time,matclass:double,"(192000, 1)"
C:\Users\root\Desktop\class\math model\dataset\源域数据集\DE\48kHz B\B014_3.mat,X192_FE_time,matclass:double,"(192000, 1)"
C:\Users\root\Desktop\class\math model\dataset\源域数据集\DE\48kHz B\B014_3.mat,X192RPM,matclass:double,"(1, 1)"
C:\Users\root\Desktop\class\math model\dataset\源域数据集\DE\48kHz B\B021_0.mat,X226_DE_time,matclass:double,"(192000, 1)"
C:\Users\root\Desktop\class\math model\dataset\源域数据集\DE\48kHz B\B021_0.mat,X226_FE_time,matclass:double,"(192000, 1)"
C:\Users\root\Desktop\class\math model\dataset\源域数据集\DE\48kHz B\B021_0.mat,X226RPM,matclass:double,"(1, 1)"
C:\Users\root\Desktop\class\math model\dataset\源域数据集\DE\48kHz B\B021_1.mat,X227_DE_time,matclass:double,"(192000, 1)"
C:\Users\root\Desktop\class\math model\dataset\源域数据集\DE\48kHz B\B021_1.mat,X227_FE_time,matclass:double,"(192000, 1)"
C:\Users\root\Desktop\class\math model\dataset\源域数据集\DE\48kHz B\B021_1.mat,X227RPM,matclass:double,"(1, 1)"
C:\Users\root\Desktop\class\math model\dataset\源域数据集\DE\48kHz B\B021_2.mat,X228_DE_time,matclass:double,"(192000, 1)"
C:\Users\root\Desktop\class\math model\dataset\源域数据集\DE\48kHz B\B021_2.mat,X228_FE_time,matclass:double,"(192000, 1)"
C:\Users\root\Desktop\class\math model\dataset\源域数据集\DE\48kHz B\B021_2.mat,X228RPM,matclass:double,"(1, 1)"
C:\Users\root\Desktop\class\math model\dataset\源域数据集\DE\48kHz B\B021_3.mat,X229_DE_time,matclass:double,"(192000, 1)"
C:\Users\root\Desktop\class\math model\dataset\源域数据集\DE\48kHz B\B021_3.mat,X229_FE_time,matclass:double,"(192000, 1)"
C:\Users\root\Desktop\class\math model\dataset\源域数据集\DE\48kHz B\B021_3.mat,X229RPM,matclass:double,"(1, 1)"
C:\Users\root\Desktop\class\math model\dataset\源域数据集\DE\48kHz IR\IR007_0.mat,X109_DE_time,matclass:double,"(192000, 1)"
C:\Users\root\Desktop\class\math model\dataset\源域数据集\DE\48kHz IR\IR007_0.mat,X109_FE_time,matclass:double,"(192000, 1)"
C:\Users\root\Desktop\class\math model\dataset\源域数据集\DE\48kHz IR\IR007_0.mat,X109RPM,matclass:double,"(1, 1)"
C:\Users\root\Desktop\class\math model\dataset\源域数据集\DE\48kHz IR\IR007_1.mat,X110_DE_time,matclass:double,"(192000, 1)"
C:\Users\root\Desktop\class\math model\dataset\源域数据集\DE\48kHz IR\IR007_1.mat,X110_FE_time,matclass:double,"(192000, 1)"
C:\Users\root\Desktop\class\math model\dataset\源域数据集\DE\48kHz IR\IR007_1.mat,X110RPM,matclass:double,"(1, 1)"
C:\Users\root\Desktop\class\math model\dataset\源域数据集\DE\48kHz IR\IR007_2.mat,X111_DE_time,matclass:double,"(192000, 1)"
C:\Users\root\Desktop\class\math model\dataset\源域数据集\DE\48kHz IR\IR007_2.mat,X111_FE_time,matclass:double,"(192000, 1)"
C:\Users\root\Desktop\class\math model\dataset\源域数据集\DE\48kHz IR\IR007_2.mat,X111RPM,matclass:double,"(1, 1)"
C:\Users\root\Desktop\class\math model\dataset\源域数据集\DE\48kHz IR\IR007_3.mat,X112_DE_time,matclass:double,"(192000, 1)"
C:\Users\root\Desktop\class\math model\dataset\源域数据集\DE\48kHz IR\IR007_3.mat,X112_FE_time,matclass:double,"(192000, 1)"
C:\Users\root\Desktop\class\math model\dataset\源域数据集\DE\48kHz IR\IR007_3.mat,X112RPM,matclass:double,"(1, 1)"
C:\Users\root\Desktop\class\math model\dataset\源域数据集\DE\48kHz IR\IR014_0.mat,X173_DE_time,matclass:double,"(63788, 1)"
C:\Users\root\Desktop\class\math model\dataset\源域数据集\DE\48kHz IR\IR014_0.mat,X173_FE_time,matclass:double,"(63788, 1)"
C:\Users\root\Desktop\class\math model\dataset\源域数据集\DE\48kHz IR\IR014_0.mat,X173RPM,matclass:double,"(1, 1)"
C:\Users\root\Desktop\class\math model\dataset\源域数据集\DE\48kHz IR\IR014_1.mat,X175_DE_time,matclass:double,"(192000, 1)"
C:\Users\root\Desktop\class\math model\dataset\源域数据集\DE\48kHz IR\IR014_1.mat,X175_FE_time,matclass:double,"(192000, 1)"
C:\Users\root\Desktop\class\math model\dataset\源域数据集\DE\48kHz IR\IR014_1.mat,X175RPM,matclass:double,"(1, 1)"
C:\Users\root\Desktop\class\math model\dataset\源域数据集\DE\48kHz IR\IR014_2.mat,X176_DE_time,matclass:double,"(192000, 1)"
C:\Users\root\Desktop\class\math model\dataset\源域数据集\DE\48kHz IR\IR014_2.mat,X176_FE_time,matclass:double,"(192000, 1)"
C:\Users\root\Desktop\class\math model\dataset\源域数据集\DE\48kHz IR\IR014_2.mat,X176RPM,matclass:double,"(1, 1)"
C:\Users\root\Desktop\class\math model\dataset\源域数据集\DE\48kHz IR\IR014_3.mat,X177_DE_time,matclass:double,"(192000, 1)"
C:\Users\root\Desktop\class\math model\dataset\源域数据集\DE\48kHz IR\IR014_3.mat,X177_FE_time,matclass:double,"(192000, 1)"
C:\Users\root\Desktop\class\math model\dataset\源域数据集\DE\48kHz IR\IR014_3.mat,X177RPM,matclass:double,"(1, 1)"
C:\Users\root\Desktop\class\math model\dataset\源域数据集\DE\48kHz IR\IR021_0.mat,X213_DE_time,matclass:double,"(192000, 1)"
C:\Users\root\Desktop\class\math model\dataset\源域数据集\DE\48kHz IR\IR021_0.mat,X213_FE_time,matclass:double,"(192000, 1)"
C:\Users\root\Desktop\class\math model\dataset\源域数据集\DE\48kHz IR\IR021_0.mat,X213RPM,matclass:double,"(1, 1)"
C:\Users\root\Desktop\class\math model\dataset\源域数据集\DE\48kHz IR\IR021_1.mat,X214_DE_time,matclass:double,"(192000, 1)"
C:\Users\root\Desktop\class\math model\dataset\源域数据集\DE\48kHz IR\IR021_1.mat,X214_FE_time,matclass:double,"(192000, 1)"
C:\Users\root\Desktop\class\math model\dataset\源域数据集\DE\48kHz IR\IR021_1.mat,X214RPM,matclass:double,"(1, 1)"
C:\Users\root\Desktop\class\math model\dataset\源域数据集\DE\48kHz IR\IR021_2.mat,X215_DE_time,matclass:double,"(192000, 1)"
C:\Users\root\Desktop\class\math model\dataset\源域数据集\DE\48kHz IR\IR021_2.mat,X215_FE_time,matclass:double,"(192000, 1)"
C:\Users\root\Desktop\class\math model\dataset\源域数据集\DE\48kHz IR\IR021_2.mat,X215RPM,matclass:double,"(1, 1)"
C:\Users\root\Desktop\class\math model\dataset\源域数据集\DE\48kHz IR\IR021_3.mat,X217_DE_time,matclass:double,"(192000, 1)"
C:\Users\root\Desktop\class\math model\dataset\源域数据集\DE\48kHz IR\IR021_3.mat,X217_FE_time,matclass:double,"(192000, 1)"
C:\Users\root\Desktop\class\math model\dataset\源域数据集\DE\48kHz IR\IR021_3.mat,X217RPM,matclass:double,"(1, 1)"
C:\Users\root\Desktop\class\math model\dataset\源域数据集\DE\48kHz OR\OR007@12_0.mat,X161_DE_time,matclass:double,"(129969, 1)"
C:\Users\root\Desktop\class\math model\dataset\源域数据集\DE\48kHz OR\OR007@12_0.mat,X161_FE_time,matclass:double,"(129969, 1)"
C:\Users\root\Desktop\class\math model\dataset\源域数据集\DE\48kHz OR\OR007@12_0.mat,X161RPM,matclass:double,"(1, 1)"
C:\Users\root\Desktop\class\math model\dataset\源域数据集\DE\48kHz OR\OR007@12_1.mat,X162_DE_time,matclass:double,"(192000, 1)"
C:\Users\root\Desktop\class\math model\dataset\源域数据集\DE\48kHz OR\OR007@12_1.mat,X162_FE_time,matclass:double,"(192000, 1)"
C:\Users\root\Desktop\class\math model\dataset\源域数据集\DE\48kHz OR\OR007@12_1.mat,X162RPM,matclass:double,"(1, 1)"
C:\Users\root\Desktop\class\math model\dataset\源域数据集\DE\48kHz OR\OR007@12_2.mat,X163_DE_time,matclass:double,"(192000, 1)"
C:\Users\root\Desktop\class\math model\dataset\源域数据集\DE\48kHz OR\OR007@12_2.mat,X163_FE_time,matclass:double,"(192000, 1)"
C:\Users\root\Desktop\class\math model\dataset\源域数据集\DE\48kHz OR\OR007@12_2.mat,X163RPM,matclass:double,"(1, 1)"
C:\Users\root\Desktop\class\math model\dataset\源域数据集\DE\48kHz OR\OR007@12_3.mat,X164_DE_time,matclass:double,"(192000, 1)"
C:\Users\root\Desktop\class\math model\dataset\源域数据集\DE\48kHz OR\OR007@12_3.mat,X164_FE_time,matclass:double,"(192000, 1)"
C:\Users\root\Desktop\class\math model\dataset\源域数据集\DE\48kHz OR\OR007@12_3.mat,X164RPM,matclass:double,"(1, 1)"
C:\Users\root\Desktop\class\math model\dataset\源域数据集\DE\48kHz OR\OR007@3_0.mat,X148_DE_time,matclass:double,"(124602, 1)"
C:\Users\root\Desktop\class\math model\dataset\源域数据集\DE\48kHz OR\OR007@3_0.mat,X148_FE_time,matclass:double,"(124602, 1)"
C:\Users\root\Desktop\class\math model\dataset\源域数据集\DE\48kHz OR\OR007@3_0.mat,X148RPM,matclass:double,"(1, 1)"
C:\Users\root\Desktop\class\math model\dataset\源域数据集\DE\48kHz OR\OR007@3_1.mat,X149_DE_time,matclass:double,"(192000, 1)"
C:\Users\root\Desktop\class\math model\dataset\源域数据集\DE\48kHz OR\OR007@3_1.mat,X149_FE_time,matclass:double,"(192000, 1)"
C:\Users\root\Desktop\class\math model\dataset\源域数据集\DE\48kHz OR\OR007@3_1.mat,X149RPM,matclass:double,"(1, 1)"
C:\Users\root\Desktop\class\math model\dataset\源域数据集\DE\48kHz OR\OR007@3_2.mat,X150_DE_time,matclass:double,"(192000, 1)"
C:\Users\root\Desktop\class\math model\dataset\源域数据集\DE\48kHz OR\OR007@3_2.mat,X150_FE_time,matclass:double,"(192000, 1)"
C:\Users\root\Desktop\class\math model\dataset\源域数据集\DE\48kHz OR\OR007@3_2.mat,X150RPM,matclass:double,"(1, 1)"
C:\Users\root\Desktop\class\math model\dataset\源域数据集\DE\48kHz OR\OR007@3_3.mat,X151_DE_time,matclass:double,"(192000, 1)"
C:\Users\root\Desktop\class\math model\dataset\源域数据集\DE\48kHz OR\OR007@3_3.mat,X151_FE_time,matclass:double,"(192000, 1)"
C:\Users\root\Desktop\class\math model\dataset\源域数据集\DE\48kHz OR\OR007@3_3.mat,X151RPM,matclass:double,"(1, 1)"
C:\Users\root\Desktop\class\math model\dataset\源域数据集\DE\48kHz OR\OR007@6_0.mat,X135_DE_time,matclass:double,"(192000, 1)"
C:\Users\root\Desktop\class\math model\dataset\源域数据集\DE\48kHz OR\OR007@6_0.mat,X135_FE_time,matclass:double,"(192000, 1)"
C:\Users\root\Desktop\class\math model\dataset\源域数据集\DE\48kHz OR\OR007@6_0.mat,X135RPM,matclass:double,"(1, 1)"
C:\Users\root\Desktop\class\math model\dataset\源域数据集\DE\48kHz OR\OR007@6_1.mat,X136_DE_time,matclass:double,"(192000, 1)"
C:\Users\root\Desktop\class\math model\dataset\源域数据集\DE\48kHz OR\OR007@6_1.mat,X136_FE_time,matclass:double,"(192000, 1)"
C:\Users\root\Desktop\class\math model\dataset\源域数据集\DE\48kHz OR\OR007@6_1.mat,X136RPM,matclass:double,"(1, 1)"
C:\Users\root\Desktop\class\math model\dataset\源域数据集\DE\48kHz OR\OR007@6_2.mat,X137_DE_time,matclass:double,"(192000, 1)"
C:\Users\root\Desktop\class\math model\dataset\源域数据集\DE\48kHz OR\OR007@6_2.mat,X137_FE_time,matclass:double,"(192000, 1)"
C:\Users\root\Desktop\class\math model\dataset\源域数据集\DE\48kHz OR\OR007@6_2.mat,X137RPM,matclass:double,"(1, 1)"
C:\Users\root\Desktop\class\math model\dataset\源域数据集\DE\48kHz OR\OR007@6_3.mat,X138_DE_time,matclass:double,"(192000, 1)"
C:\Users\root\Desktop\class\math model\dataset\源域数据集\DE\48kHz OR\OR007@6_3.mat,X138_FE_time,matclass:double,"(192000, 1)"
C:\Users\root\Desktop\class\math model\dataset\源域数据集\DE\48kHz OR\OR007@6_3.mat,X138RPM,matclass:double,"(1, 1)"
C:\Users\root\Desktop\class\math model\dataset\源域数据集\DE\48kHz OR\OR014@6_0.mat,X201_DE_time,matclass:double,"(192000, 1)"
C:\Users\root\Desktop\class\math model\dataset\源域数据集\DE\48kHz OR\OR014@6_0.mat,X201_FE_time,matclass:double,"(192000, 1)"
C:\Users\root\Desktop\class\math model\dataset\源域数据集\DE\48kHz OR\OR014@6_0.mat,X201RPM,matclass:double,"(1, 1)"
C:\Users\root\Desktop\class\math model\dataset\源域数据集\DE\48kHz OR\OR014@6_1.mat,X202_DE_time,matclass:double,"(192000, 1)"
C:\Users\root\Desktop\class\math model\dataset\源域数据集\DE\48kHz OR\OR014@6_1.mat,X202_FE_time,matclass:double,"(192000, 1)"
C:\Users\root\Desktop\class\math model\dataset\源域数据集\DE\48kHz OR\OR014@6_1.mat,X202RPM,matclass:double,"(1, 1)"
C:\Users\root\Desktop\class\math model\dataset\源域数据集\DE\48kHz OR\OR014@6_2.mat,X203_DE_time,matclass:double,"(192000, 1)"
C:\Users\root\Desktop\class\math model\dataset\源域数据集\DE\48kHz OR\OR014@6_2.mat,X203_FE_time,matclass:double,"(192000, 1)"
C:\Users\root\Desktop\class\math model\dataset\源域数据集\DE\48kHz OR\OR014@6_2.mat,X203RPM,matclass:double,"(1, 1)"
C:\Users\root\Desktop\class\math model\dataset\源域数据集\DE\48kHz OR\OR014@6_3.mat,X204_DE_time,matclass:double,"(192000, 1)"
C:\Users\root\Desktop\class\math model\dataset\源域数据集\DE\48kHz OR\OR014@6_3.mat,X204_FE_time,matclass:double,"(192000, 1)"
C:\Users\root\Desktop\class\math model\dataset\源域数据集\DE\48kHz OR\OR014@6_3.mat,X204RPM,matclass:double,"(1, 1)"
C:\Users\root\Desktop\class\math model\dataset\源域数据集\DE\48kHz OR\OR021@12_0.mat,X262_DE_time,matclass:double,"(130549, 1)"
C:\Users\root\Desktop\class\math model\dataset\源域数据集\DE\48kHz OR\OR021@12_0.mat,X262_FE_time,matclass:double,"(130549, 1)"
C:\Users\root\Desktop\class\math model\dataset\源域数据集\DE\48kHz OR\OR021@12_0.mat,X262RPM,matclass:double,"(1, 1)"
C:\Users\root\Desktop\class\math model\dataset\源域数据集\DE\48kHz OR\OR021@12_1.mat,X263_DE_time,matclass:double,"(192000, 1)"
C:\Users\root\Desktop\class\math model\dataset\源域数据集\DE\48kHz OR\OR021@12_1.mat,X263_FE_time,matclass:double,"(192000, 1)"
C:\Users\root\Desktop\class\math model\dataset\源域数据集\DE\48kHz OR\OR021@12_1.mat,X263RPM,matclass:double,"(1, 1)"
C:\Users\root\Desktop\class\math model\dataset\源域数据集\DE\48kHz OR\OR021@12_2.mat,X264_DE_time,matclass:double,"(192000, 1)"
C:\Users\root\Desktop\class\math model\dataset\源域数据集\DE\48kHz OR\OR021@12_2.mat,X264_FE_time,matclass:double,"(192000, 1)"
C:\Users\root\Desktop\class\math model\dataset\源域数据集\DE\48kHz OR\OR021@12_2.mat,X264RPM,matclass:double,"(1, 1)"
C:\Users\root\Desktop\class\math model\dataset\源域数据集\DE\48kHz OR\OR021@12_3.mat,X265_DE_time,matclass:double,"(192000, 1)"
C:\Users\root\Desktop\class\math model\dataset\源域数据集\DE\48kHz OR\OR021@12_3.mat,X265_FE_time,matclass:double,"(192000, 1)"
C:\Users\root\Desktop\class\math model\dataset\源域数据集\DE\48kHz OR\OR021@12_3.mat,X265RPM,matclass:double,"(1, 1)"
C:\Users\root\Desktop\class\math model\dataset\源域数据集\DE\48kHz OR\OR021@3_0.mat,X250_DE_time,matclass:double,"(128663, 1)"
C:\Users\root\Desktop\class\math model\dataset\源域数据集\DE\48kHz OR\OR021@3_0.mat,X250_FE_time,matclass:double,"(128663, 1)"
C:\Users\root\Desktop\class\math model\dataset\源域数据集\DE\48kHz OR\OR021@3_0.mat,X250RPM,matclass:double,"(1, 1)"
C:\Users\root\Desktop\class\math model\dataset\源域数据集\DE\48kHz OR\OR021@3_1.mat,X251_DE_time,matclass:double,"(192000, 1)"
C:\Users\root\Desktop\class\math model\dataset\源域数据集\DE\48kHz OR\OR021@3_1.mat,X251_FE_time,matclass:double,"(192000, 1)"
C:\Users\root\Desktop\class\math model\dataset\源域数据集\DE\48kHz OR\OR021@3_1.mat,X251RPM,matclass:double,"(1, 1)"
C:\Users\root\Desktop\class\math model\dataset\源域数据集\DE\48kHz OR\OR021@3_2.mat,X252_DE_time,matclass:double,"(192000, 1)"
C:\Users\root\Desktop\class\math model\dataset\源域数据集\DE\48kHz OR\OR021@3_2.mat,X252_FE_time,matclass:double,"(192000, 1)"
C:\Users\root\Desktop\class\math model\dataset\源域数据集\DE\48kHz OR\OR021@3_2.mat,X252RPM,matclass:double,"(1, 1)"
C:\Users\root\Desktop\class\math model\dataset\源域数据集\DE\48kHz OR\OR021@3_3.mat,X253_DE_time,matclass:double,"(192000, 1)"
C:\Users\root\Desktop\class\math model\dataset\源域数据集\DE\48kHz OR\OR021@3_3.mat,X253_FE_time,matclass:double,"(192000, 1)"
C:\Users\root\Desktop\class\math model\dataset\源域数据集\DE\48kHz OR\OR021@3_3.mat,X253RPM,matclass:double,"(1, 1)"
C:\Users\root\Desktop\class\math model\dataset\源域数据集\DE\48kHz OR\OR021@6_0.mat,X238_DE_time,matclass:double,"(192000, 1)"
C:\Users\root\Desktop\class\math model\dataset\源域数据集\DE\48kHz OR\OR021@6_0.mat,X238_FE_time,matclass:double,"(192000, 1)"
C:\Users\root\Desktop\class\math model\dataset\源域数据集\DE\48kHz OR\OR021@6_0.mat,X238RPM,matclass:double,"(1, 1)"
C:\Users\root\Desktop\class\math model\dataset\源域数据集\DE\48kHz OR\OR021@6_1.mat,X239_DE_time,matclass:double,"(192000, 1)"
C:\Users\root\Desktop\class\math model\dataset\源域数据集\DE\48kHz OR\OR021@6_1.mat,X239_FE_time,matclass:double,"(192000, 1)"
C:\Users\root\Desktop\class\math model\dataset\源域数据集\DE\48kHz OR\OR021@6_1.mat,X239RPM,matclass:double,"(1, 1)"
C:\Users\root\Desktop\class\math model\dataset\源域数据集\DE\48kHz OR\OR021@6_2.mat,X240_DE_time,matclass:double,"(192000, 1)"
C:\Users\root\Desktop\class\math model\dataset\源域数据集\DE\48kHz OR\OR021@6_2.mat,X240_FE_time,matclass:double,"(192000, 1)"
C:\Users\root\Desktop\class\math model\dataset\源域数据集\DE\48kHz OR\OR021@6_2.mat,X240RPM,matclass:double,"(1, 1)"
C:\Users\root\Desktop\class\math model\dataset\源域数据集\DE\48kHz OR\OR021@6_3.mat,X241_DE_time,matclass:double,"(192000, 1)"
C:\Users\root\Desktop\class\math model\dataset\源域数据集\DE\48kHz OR\OR021@6_3.mat,X241_FE_time,matclass:double,"(192000, 1)"
C:\Users\root\Desktop\class\math model\dataset\源域数据集\DE\48kHz OR\OR021@6_3.mat,X241RPM,matclass:double,"(1, 1)"
C:\Users\root\Desktop\class\math model\dataset\源域数据集\FE\12kHz B\B007_0.mat,X282_DE_time,matclass:double,"(96000, 1)"
C:\Users\root\Desktop\class\math model\dataset\源域数据集\FE\12kHz B\B007_0.mat,X282_FE_time,matclass:double,"(96000, 1)"
C:\Users\root\Desktop\class\math model\dataset\源域数据集\FE\12kHz B\B007_0.mat,X282_BA_time,matclass:double,"(96000, 1)"
C:\Users\root\Desktop\class\math model\dataset\源域数据集\FE\12kHz B\B007_0.mat,X282RPM,matclass:double,"(1, 1)"
C:\Users\root\Desktop\class\math model\dataset\源域数据集\FE\12kHz B\B007_1.mat,X283_DE_time,matclass:double,"(96000, 1)"
C:\Users\root\Desktop\class\math model\dataset\源域数据集\FE\12kHz B\B007_1.mat,X283_FE_time,matclass:double,"(96000, 1)"
C:\Users\root\Desktop\class\math model\dataset\源域数据集\FE\12kHz B\B007_1.mat,X283_BA_time,matclass:double,"(96000, 1)"
C:\Users\root\Desktop\class\math model\dataset\源域数据集\FE\12kHz B\B007_1.mat,X283RPM,matclass:double,"(1, 1)"
C:\Users\root\Desktop\class\math model\dataset\源域数据集\FE\12kHz B\B007_2.mat,X284_DE_time,matclass:double,"(96000, 1)"
C:\Users\root\Desktop\class\math model\dataset\源域数据集\FE\12kHz B\B007_2.mat,X284_FE_time,matclass:double,"(96000, 1)"
C:\Users\root\Desktop\class\math model\dataset\源域数据集\FE\12kHz B\B007_2.mat,X284_BA_time,matclass:double,"(96000, 1)"
C:\Users\root\Desktop\class\math model\dataset\源域数据集\FE\12kHz B\B007_2.mat,X284RPM,matclass:double,"(1, 1)"
C:\Users\root\Desktop\class\math model\dataset\源域数据集\FE\12kHz B\B007_3.mat,X285_DE_time,matclass:double,"(96000, 1)"
C:\Users\root\Desktop\class\math model\dataset\源域数据集\FE\12kHz B\B007_3.mat,X285_FE_time,matclass:double,"(96000, 1)"
C:\Users\root\Desktop\class\math model\dataset\源域数据集\FE\12kHz B\B007_3.mat,X285_BA_time,matclass:double,"(96000, 1)"
C:\Users\root\Desktop\class\math model\dataset\源域数据集\FE\12kHz B\B007_3.mat,X285RPM,matclass:double,"(1, 1)"
C:\Users\root\Desktop\class\math model\dataset\源域数据集\FE\12kHz B\B014_0.mat,X286_DE_time,matclass:double,"(96000, 1)"
C:\Users\root\Desktop\class\math model\dataset\源域数据集\FE\12kHz B\B014_0.mat,X286_FE_time,matclass:double,"(96000, 1)"
C:\Users\root\Desktop\class\math model\dataset\源域数据集\FE\12kHz B\B014_0.mat,X286_BA_time,matclass:double,"(96000, 1)"
C:\Users\root\Desktop\class\math model\dataset\源域数据集\FE\12kHz B\B014_0.mat,X286RPM,matclass:double,"(1, 1)"
C:\Users\root\Desktop\class\math model\dataset\源域数据集\FE\12kHz B\B014_1.mat,X287_DE_time,matclass:double,"(96000, 1)"
C:\Users\root\Desktop\class\math model\dataset\源域数据集\FE\12kHz B\B014_1.mat,X287_FE_time,matclass:double,"(96000, 1)"
C:\Users\root\Desktop\class\math model\dataset\源域数据集\FE\12kHz B\B014_1.mat,X287_BA_time,matclass:double,"(96000, 1)"
C:\Users\root\Desktop\class\math model\dataset\源域数据集\FE\12kHz B\B014_1.mat,X287RPM,matclass:double,"(1, 1)"
C:\Users\root\Desktop\class\math model\dataset\源域数据集\FE\12kHz B\B014_2.mat,X288_DE_time,matclass:double,"(96000, 1)"
C:\Users\root\Desktop\class\math model\dataset\源域数据集\FE\12kHz B\B014_2.mat,X288_FE_time,matclass:double,"(96000, 1)"
C:\Users\root\Desktop\class\math model\dataset\源域数据集\FE\12kHz B\B014_2.mat,X288_BA_time,matclass:double,"(96000, 1)"
C:\Users\root\Desktop\class\math model\dataset\源域数据集\FE\12kHz B\B014_2.mat,X288RPM,matclass:double,"(1, 1)"
C:\Users\root\Desktop\class\math model\dataset\源域数据集\FE\12kHz B\B014_3.mat,X289_DE_time,matclass:double,"(96000, 1)"
C:\Users\root\Desktop\class\math model\dataset\源域数据集\FE\12kHz B\B014_3.mat,X289_FE_time,matclass:double,"(96000, 1)"
C:\Users\root\Desktop\class\math model\dataset\源域数据集\FE\12kHz B\B014_3.mat,X289_BA_time,matclass:double,"(96000, 1)"
C:\Users\root\Desktop\class\math model\dataset\源域数据集\FE\12kHz B\B014_3.mat,X289RPM,matclass:double,"(1, 1)"
C:\Users\root\Desktop\class\math model\dataset\源域数据集\FE\12kHz B\B021_0.mat,X290_DE_time,matclass:double,"(96000, 1)"
C:\Users\root\Desktop\class\math model\dataset\源域数据集\FE\12kHz B\B021_0.mat,X290_FE_time,matclass:double,"(96000, 1)"
C:\Users\root\Desktop\class\math model\dataset\源域数据集\FE\12kHz B\B021_0.mat,X290_BA_time,matclass:double,"(96000, 1)"
C:\Users\root\Desktop\class\math model\dataset\源域数据集\FE\12kHz B\B021_0.mat,X290RPM,matclass:double,"(1, 1)"
C:\Users\root\Desktop\class\math model\dataset\源域数据集\FE\12kHz B\B021_1.mat,X291_DE_time,matclass:double,"(96000, 1)"
C:\Users\root\Desktop\class\math model\dataset\源域数据集\FE\12kHz B\B021_1.mat,X291_FE_time,matclass:double,"(96000, 1)"
C:\Users\root\Desktop\class\math model\dataset\源域数据集\FE\12kHz B\B021_1.mat,X291_BA_time,matclass:double,"(96000, 1)"
C:\Users\root\Desktop\class\math model\dataset\源域数据集\FE\12kHz B\B021_1.mat,X291RPM,matclass:double,"(1, 1)"
C:\Users\root\Desktop\class\math model\dataset\源域数据集\FE\12kHz B\B021_2.mat,X292_DE_time,matclass:double,"(96000, 1)"
C:\Users\root\Desktop\class\math model\dataset\源域数据集\FE\12kHz B\B021_2.mat,X292_FE_time,matclass:double,"(96000, 1)"
C:\Users\root\Desktop\class\math model\dataset\源域数据集\FE\12kHz B\B021_2.mat,X292_BA_time,matclass:double,"(96000, 1)"
C:\Users\root\Desktop\class\math model\dataset\源域数据集\FE\12kHz B\B021_2.mat,X292RPM,matclass:double,"(1, 1)"
C:\Users\root\Desktop\class\math model\dataset\源域数据集\FE\12kHz B\B021_3.mat,X293_DE_time,matclass:double,"(96000, 1)"
C:\Users\root\Desktop\class\math model\dataset\源域数据集\FE\12kHz B\B021_3.mat,X293_FE_time,matclass:double,"(96000, 1)"
C:\Users\root\Desktop\class\math model\dataset\源域数据集\FE\12kHz B\B021_3.mat,X293_BA_time,matclass:double,"(96000, 1)"
C:\Users\root\Desktop\class\math model\dataset\源域数据集\FE\12kHz B\B021_3.mat,X293RPM,matclass:double,"(1, 1)"
C:\Users\root\Desktop\class\math model\dataset\源域数据集\FE\12kHz IR\IR007_0.mat,X278_DE_time,matclass:double,"(96000, 1)"
C:\Users\root\Desktop\class\math model\dataset\源域数据集\FE\12kHz IR\IR007_0.mat,X278_FE_time,matclass:double,"(96000, 1)"
C:\Users\root\Desktop\class\math model\dataset\源域数据集\FE\12kHz IR\IR007_0.mat,X278_BA_time,matclass:double,"(96000, 1)"
C:\Users\root\Desktop\class\math model\dataset\源域数据集\FE\12kHz IR\IR007_0.mat,X278RPM,matclass:double,"(1, 1)"
C:\Users\root\Desktop\class\math model\dataset\源域数据集\FE\12kHz IR\IR007_1.mat,X279_DE_time,matclass:double,"(96000, 1)"
C:\Users\root\Desktop\class\math model\dataset\源域数据集\FE\12kHz IR\IR007_1.mat,X279_FE_time,matclass:double,"(96000, 1)"
C:\Users\root\Desktop\class\math model\dataset\源域数据集\FE\12kHz IR\IR007_1.mat,X279_BA_time,matclass:double,"(96000, 1)"
C:\Users\root\Desktop\class\math model\dataset\源域数据集\FE\12kHz IR\IR007_1.mat,X279RPM,matclass:double,"(1, 1)"
C:\Users\root\Desktop\class\math model\dataset\源域数据集\FE\12kHz IR\IR007_2.mat,X280_DE_time,matclass:double,"(96000, 1)"
C:\Users\root\Desktop\class\math model\dataset\源域数据集\FE\12kHz IR\IR007_2.mat,X280_FE_time,matclass:double,"(96000, 1)"
C:\Users\root\Desktop\class\math model\dataset\源域数据集\FE\12kHz IR\IR007_2.mat,X280_BA_time,matclass:double,"(96000, 1)"
C:\Users\root\Desktop\class\math model\dataset\源域数据集\FE\12kHz IR\IR007_2.mat,X280RPM,matclass:double,"(1, 1)"
C:\Users\root\Desktop\class\math model\dataset\源域数据集\FE\12kHz IR\IR007_3.mat,X281_DE_time,matclass:double,"(96000, 1)"
C:\Users\root\Desktop\class\math model\dataset\源域数据集\FE\12kHz IR\IR007_3.mat,X281_FE_time,matclass:double,"(96000, 1)"
C:\Users\root\Desktop\class\math model\dataset\源域数据集\FE\12kHz IR\IR007_3.mat,X281_BA_time,matclass:double,"(96000, 1)"
C:\Users\root\Desktop\class\math model\dataset\源域数据集\FE\12kHz IR\IR007_3.mat,X281RPM,matclass:double,"(1, 1)"
C:\Users\root\Desktop\class\math model\dataset\源域数据集\FE\12kHz IR\IR014_0.mat,X274_DE_time,matclass:double,"(96000, 1)"
C:\Users\root\Desktop\class\math model\dataset\源域数据集\FE\12kHz IR\IR014_0.mat,X274_FE_time,matclass:double,"(96000, 1)"
C:\Users\root\Desktop\class\math model\dataset\源域数据集\FE\12kHz IR\IR014_0.mat,X274_BA_time,matclass:double,"(96000, 1)"
C:\Users\root\Desktop\class\math model\dataset\源域数据集\FE\12kHz IR\IR014_0.mat,X274RPM,matclass:double,"(1, 1)"
C:\Users\root\Desktop\class\math model\dataset\源域数据集\FE\12kHz IR\IR014_1.mat,X275_DE_time,matclass:double,"(96000, 1)"
C:\Users\root\Desktop\class\math model\dataset\源域数据集\FE\12kHz IR\IR014_1.mat,X275_FE_time,matclass:double,"(96000, 1)"
C:\Users\root\Desktop\class\math model\dataset\源域数据集\FE\12kHz IR\IR014_1.mat,X275_BA_time,matclass:double,"(96000, 1)"
C:\Users\root\Desktop\class\math model\dataset\源域数据集\FE\12kHz IR\IR014_1.mat,X275RPM,matclass:double,"(1, 1)"
C:\Users\root\Desktop\class\math model\dataset\源域数据集\FE\12kHz IR\IR014_2.mat,X276_DE_time,matclass:double,"(96000, 1)"
C:\Users\root\Desktop\class\math model\dataset\源域数据集\FE\12kHz IR\IR014_2.mat,X276_FE_time,matclass:double,"(96000, 1)"
C:\Users\root\Desktop\class\math model\dataset\源域数据集\FE\12kHz IR\IR014_2.mat,X276_BA_time,matclass:double,"(96000, 1)"
C:\Users\root\Desktop\class\math model\dataset\源域数据集\FE\12kHz IR\IR014_2.mat,X276RPM,matclass:double,"(1, 1)"
C:\Users\root\Desktop\class\math model\dataset\源域数据集\FE\12kHz IR\IR014_3.mat,X277_DE_time,matclass:double,"(96000, 1)"
C:\Users\root\Desktop\class\math model\dataset\源域数据集\FE\12kHz IR\IR014_3.mat,X277_FE_time,matclass:double,"(96000, 1)"
C:\Users\root\Desktop\class\math model\dataset\源域数据集\FE\12kHz IR\IR014_3.mat,X277_BA_time,matclass:double,"(96000, 1)"
C:\Users\root\Desktop\class\math model\dataset\源域数据集\FE\12kHz IR\IR014_3.mat,X277RPM,matclass:double,"(1, 1)"
C:\Users\root\Desktop\class\math model\dataset\源域数据集\FE\12kHz IR\IR021_0.mat,X270_DE_time,matclass:double,"(96000, 1)"
C:\Users\root\Desktop\class\math model\dataset\源域数据集\FE\12kHz IR\IR021_0.mat,X270_FE_time,matclass:double,"(96000, 1)"
C:\Users\root\Desktop\class\math model\dataset\源域数据集\FE\12kHz IR\IR021_0.mat,X270_BA_time,matclass:double,"(96000, 1)"
C:\Users\root\Desktop\class\math model\dataset\源域数据集\FE\12kHz IR\IR021_0.mat,X270RPM,matclass:double,"(1, 1)"
C:\Users\root\Desktop\class\math model\dataset\源域数据集\FE\12kHz IR\IR021_1.mat,X271_DE_time,matclass:double,"(96000, 1)"
C:\Users\root\Desktop\class\math model\dataset\源域数据集\FE\12kHz IR\IR021_1.mat,X271_FE_time,matclass:double,"(96000, 1)"
C:\Users\root\Desktop\class\math model\dataset\源域数据集\FE\12kHz IR\IR021_1.mat,X271_BA_time,matclass:double,"(96000, 1)"
C:\Users\root\Desktop\class\math model\dataset\源域数据集\FE\12kHz IR\IR021_1.mat,X271RPM,matclass:double,"(1, 1)"
C:\Users\root\Desktop\class\math model\dataset\源域数据集\FE\12kHz IR\IR021_2.mat,X272_DE_time,matclass:double,"(96000, 1)"
C:\Users\root\Desktop\class\math model\dataset\源域数据集\FE\12kHz IR\IR021_2.mat,X272_FE_time,matclass:double,"(96000, 1)"
C:\Users\root\Desktop\class\math model\dataset\源域数据集\FE\12kHz IR\IR021_2.mat,X272_BA_time,matclass:double,"(96000, 1)"
C:\Users\root\Desktop\class\math model\dataset\源域数据集\FE\12kHz IR\IR021_2.mat,X272RPM,matclass:double,"(1, 1)"
C:\Users\root\Desktop\class\math model\dataset\源域数据集\FE\12kHz IR\IR021_3.mat,X273_DE_time,matclass:double,"(96000, 1)"
C:\Users\root\Desktop\class\math model\dataset\源域数据集\FE\12kHz IR\IR021_3.mat,X273_FE_time,matclass:double,"(96000, 1)"
C:\Users\root\Desktop\class\math model\dataset\源域数据集\FE\12kHz IR\IR021_3.mat,X273_BA_time,matclass:double,"(96000, 1)"
C:\Users\root\Desktop\class\math model\dataset\源域数据集\FE\12kHz IR\IR021_3.mat,X273RPM,matclass:double,"(1, 1)"
C:\Users\root\Desktop\class\math model\dataset\源域数据集\FE\12kHz OR\OR007@12_0.mat,X302_DE_time,matclass:double,"(96000, 1)"
C:\Users\root\Desktop\class\math model\dataset\源域数据集\FE\12kHz OR\OR007@12_0.mat,X302_FE_time,matclass:double,"(96000, 1)"
C:\Users\root\Desktop\class\math model\dataset\源域数据集\FE\12kHz OR\OR007@12_0.mat,X302_BA_time,matclass:double,"(96000, 1)"
C:\Users\root\Desktop\class\math model\dataset\源域数据集\FE\12kHz OR\OR007@12_0.mat,X302RPM,matclass:double,"(1, 1)"
C:\Users\root\Desktop\class\math model\dataset\源域数据集\FE\12kHz OR\OR007@12_1.mat,X305_DE_time,matclass:double,"(96000, 1)"
C:\Users\root\Desktop\class\math model\dataset\源域数据集\FE\12kHz OR\OR007@12_1.mat,X305_FE_time,matclass:double,"(96000, 1)"
C:\Users\root\Desktop\class\math model\dataset\源域数据集\FE\12kHz OR\OR007@12_1.mat,X305_BA_time,matclass:double,"(96000, 1)"
C:\Users\root\Desktop\class\math model\dataset\源域数据集\FE\12kHz OR\OR007@12_1.mat,X305RPM,matclass:double,"(1, 1)"
C:\Users\root\Desktop\class\math model\dataset\源域数据集\FE\12kHz OR\OR007@12_2.mat,X306_DE_time,matclass:double,"(96000, 1)"
C:\Users\root\Desktop\class\math model\dataset\源域数据集\FE\12kHz OR\OR007@12_2.mat,X306_FE_time,matclass:double,"(96000, 1)"
C:\Users\root\Desktop\class\math model\dataset\源域数据集\FE\12kHz OR\OR007@12_2.mat,X306_BA_time,matclass:double,"(96000, 1)"
C:\Users\root\Desktop\class\math model\dataset\源域数据集\FE\12kHz OR\OR007@12_2.mat,X306RPM,matclass:double,"(1, 1)"
C:\Users\root\Desktop\class\math model\dataset\源域数据集\FE\12kHz OR\OR007@12_3.mat,X307_DE_time,matclass:double,"(96000, 1)"
C:\Users\root\Desktop\class\math model\dataset\源域数据集\FE\12kHz OR\OR007@12_3.mat,X307_FE_time,matclass:double,"(96000, 1)"
C:\Users\root\Desktop\class\math model\dataset\源域数据集\FE\12kHz OR\OR007@12_3.mat,X307_BA_time,matclass:double,"(96000, 1)"
C:\Users\root\Desktop\class\math model\dataset\源域数据集\FE\12kHz OR\OR007@12_3.mat,X307RPM,matclass:double,"(1, 1)"
C:\Users\root\Desktop\class\math model\dataset\源域数据集\FE\12kHz OR\OR007@3_0.mat,X298_DE_time,matclass:double,"(96000, 1)"
C:\Users\root\Desktop\class\math model\dataset\源域数据集\FE\12kHz OR\OR007@3_0.mat,X298_FE_time,matclass:double,"(96000, 1)"
C:\Users\root\Desktop\class\math model\dataset\源域数据集\FE\12kHz OR\OR007@3_0.mat,X298_BA_time,matclass:double,"(96000, 1)"
C:\Users\root\Desktop\class\math model\dataset\源域数据集\FE\12kHz OR\OR007@3_0.mat,X298RPM,matclass:double,"(1, 1)"
C:\Users\root\Desktop\class\math model\dataset\源域数据集\FE\12kHz OR\OR007@3_1.mat,X299_DE_time,matclass:double,"(96000, 1)"
C:\Users\root\Desktop\class\math model\dataset\源域数据集\FE\12kHz OR\OR007@3_1.mat,X299_FE_time,matclass:double,"(96000, 1)"
C:\Users\root\Desktop\class\math model\dataset\源域数据集\FE\12kHz OR\OR007@3_1.mat,X299_BA_time,matclass:double,"(96000, 1)"
C:\Users\root\Desktop\class\math model\dataset\源域数据集\FE\12kHz OR\OR007@3_1.mat,X299RPM,matclass:double,"(1, 1)"
C:\Users\root\Desktop\class\math model\dataset\源域数据集\FE\12kHz OR\OR007@3_2.mat,X300_DE_time,matclass:double,"(96000, 1)"
C:\Users\root\Desktop\class\math model\dataset\源域数据集\FE\12kHz OR\OR007@3_2.mat,X300_FE_time,matclass:double,"(96000, 1)"
C:\Users\root\Desktop\class\math model\dataset\源域数据集\FE\12kHz OR\OR007@3_2.mat,X300_BA_time,matclass:double,"(96000, 1)"
C:\Users\root\Desktop\class\math model\dataset\源域数据集\FE\12kHz OR\OR007@3_2.mat,X300RPM,matclass:double,"(1, 1)"
C:\Users\root\Desktop\class\math model\dataset\源域数据集\FE\12kHz OR\OR007@3_3.mat,X301_DE_time,matclass:double,"(96000, 1)"
C:\Users\root\Desktop\class\math model\dataset\源域数据集\FE\12kHz OR\OR007@3_3.mat,X301_FE_time,matclass:double,"(96000, 1)"
C:\Users\root\Desktop\class\math model\dataset\源域数据集\FE\12kHz OR\OR007@3_3.mat,X301_BA_time,matclass:double,"(96000, 1)"
C:\Users\root\Desktop\class\math model\dataset\源域数据集\FE\12kHz OR\OR007@3_3.mat,X301RPM,matclass:double,"(1, 1)"
C:\Users\root\Desktop\class\math model\dataset\源域数据集\FE\12kHz OR\OR007@6_0.mat,X294_DE_time,matclass:double,"(96000, 1)"
C:\Users\root\Desktop\class\math model\dataset\源域数据集\FE\12kHz OR\OR007@6_0.mat,X294_FE_time,matclass:double,"(96000, 1)"
C:\Users\root\Desktop\class\math model\dataset\源域数据集\FE\12kHz OR\OR007@6_0.mat,X294_BA_time,matclass:double,"(96000, 1)"
C:\Users\root\Desktop\class\math model\dataset\源域数据集\FE\12kHz OR\OR007@6_0.mat,X294RPM,matclass:double,"(1, 1)"
C:\Users\root\Desktop\class\math model\dataset\源域数据集\FE\12kHz OR\OR007@6_1.mat,X295_DE_time,matclass:double,"(96000, 1)"
C:\Users\root\Desktop\class\math model\dataset\源域数据集\FE\12kHz OR\OR007@6_1.mat,X295_FE_time,matclass:double,"(96000, 1)"
C:\Users\root\Desktop\class\math model\dataset\源域数据集\FE\12kHz OR\OR007@6_1.mat,X295_BA_time,matclass:double,"(96000, 1)"
C:\Users\root\Desktop\class\math model\dataset\源域数据集\FE\12kHz OR\OR007@6_1.mat,X295RPM,matclass:double,"(1, 1)"
C:\Users\root\Desktop\class\math model\dataset\源域数据集\FE\12kHz OR\OR007@6_2.mat,X296_DE_time,matclass:double,"(96000, 1)"
C:\Users\root\Desktop\class\math model\dataset\源域数据集\FE\12kHz OR\OR007@6_2.mat,X296_FE_time,matclass:double,"(96000, 1)"
C:\Users\root\Desktop\class\math model\dataset\源域数据集\FE\12kHz OR\OR007@6_2.mat,X296_BA_time,matclass:double,"(96000, 1)"
C:\Users\root\Desktop\class\math model\dataset\源域数据集\FE\12kHz OR\OR007@6_2.mat,X296RPM,matclass:double,"(1, 1)"
C:\Users\root\Desktop\class\math model\dataset\源域数据集\FE\12kHz OR\OR007@6_3.mat,X297_DE_time,matclass:double,"(96000, 1)"
C:\Users\root\Desktop\class\math model\dataset\源域数据集\FE\12kHz OR\OR007@6_3.mat,X297_FE_time,matclass:double,"(96000, 1)"
C:\Users\root\Desktop\class\math model\dataset\源域数据集\FE\12kHz OR\OR007@6_3.mat,X297_BA_time,matclass:double,"(96000, 1)"
C:\Users\root\Desktop\class\math model\dataset\源域数据集\FE\12kHz OR\OR007@6_3.mat,X297RPM,matclass:double,"(1, 1)"
C:\Users\root\Desktop\class\math model\dataset\源域数据集\FE\12kHz OR\OR014@3_0.mat,X310_DE_time,matclass:double,"(96000, 1)"
C:\Users\root\Desktop\class\math model\dataset\源域数据集\FE\12kHz OR\OR014@3_0.mat,X310_FE_time,matclass:double,"(96000, 1)"
C:\Users\root\Desktop\class\math model\dataset\源域数据集\FE\12kHz OR\OR014@3_0.mat,X310_BA_time,matclass:double,"(96000, 1)"
C:\Users\root\Desktop\class\math model\dataset\源域数据集\FE\12kHz OR\OR014@3_0.mat,X310RPM,matclass:double,"(1, 1)"
C:\Users\root\Desktop\class\math model\dataset\源域数据集\FE\12kHz OR\OR014@3_1.mat,X309_DE_time,matclass:double,"(121168, 1)"
C:\Users\root\Desktop\class\math model\dataset\源域数据集\FE\12kHz OR\OR014@3_1.mat,X309_FE_time,matclass:double,"(121168, 1)"
C:\Users\root\Desktop\class\math model\dataset\源域数据集\FE\12kHz OR\OR014@3_1.mat,X309_BA_time,matclass:double,"(121168, 1)"
C:\Users\root\Desktop\class\math model\dataset\源域数据集\FE\12kHz OR\OR014@3_1.mat,X309RPM,matclass:double,"(1, 1)"
C:\Users\root\Desktop\class\math model\dataset\源域数据集\FE\12kHz OR\OR014@3_2.mat,X311_DE_time,matclass:double,"(96000, 1)"
C:\Users\root\Desktop\class\math model\dataset\源域数据集\FE\12kHz OR\OR014@3_2.mat,X311_FE_time,matclass:double,"(96000, 1)"
C:\Users\root\Desktop\class\math model\dataset\源域数据集\FE\12kHz OR\OR014@3_2.mat,X311_BA_time,matclass:double,"(96000, 1)"
C:\Users\root\Desktop\class\math model\dataset\源域数据集\FE\12kHz OR\OR014@3_2.mat,X311RPM,matclass:double,"(1, 1)"
C:\Users\root\Desktop\class\math model\dataset\源域数据集\FE\12kHz OR\OR014@3_3.mat,X312_DE_time,matclass:double,"(96000, 1)"
C:\Users\root\Desktop\class\math model\dataset\源域数据集\FE\12kHz OR\OR014@3_3.mat,X312_FE_time,matclass:double,"(96000, 1)"
C:\Users\root\Desktop\class\math model\dataset\源域数据集\FE\12kHz OR\OR014@3_3.mat,X312_BA_time,matclass:double,"(96000, 1)"
C:\Users\root\Desktop\class\math model\dataset\源域数据集\FE\12kHz OR\OR014@3_3.mat,X312RPM,matclass:double,"(1, 1)"
C:\Users\root\Desktop\class\math model\dataset\源域数据集\FE\12kHz OR\OR014@6_0.mat,X313_DE_time,matclass:double,"(96000, 1)"
C:\Users\root\Desktop\class\math model\dataset\源域数据集\FE\12kHz OR\OR014@6_0.mat,X313_FE_time,matclass:double,"(96000, 1)"
C:\Users\root\Desktop\class\math model\dataset\源域数据集\FE\12kHz OR\OR014@6_0.mat,X313_BA_time,matclass:double,"(96000, 1)"
C:\Users\root\Desktop\class\math model\dataset\源域数据集\FE\12kHz OR\OR014@6_0.mat,X313RPM,matclass:double,"(1, 1)"
C:\Users\root\Desktop\class\math model\dataset\源域数据集\FE\12kHz OR\OR021@3_1.mat,X316_DE_time,matclass:double,"(96000, 1)"
C:\Users\root\Desktop\class\math model\dataset\源域数据集\FE\12kHz OR\OR021@3_1.mat,X316_FE_time,matclass:double,"(96000, 1)"
C:\Users\root\Desktop\class\math model\dataset\源域数据集\FE\12kHz OR\OR021@3_1.mat,X316_BA_time,matclass:double,"(96000, 1)"
C:\Users\root\Desktop\class\math model\dataset\源域数据集\FE\12kHz OR\OR021@3_1.mat,X316RPM,matclass:double,"(1, 1)"
C:\Users\root\Desktop\class\math model\dataset\源域数据集\FE\12kHz OR\OR021@3_2.mat,X317_DE_time,matclass:double,"(96000, 1)"
C:\Users\root\Desktop\class\math model\dataset\源域数据集\FE\12kHz OR\OR021@3_2.mat,X317_FE_time,matclass:double,"(96000, 1)"
C:\Users\root\Desktop\class\math model\dataset\源域数据集\FE\12kHz OR\OR021@3_2.mat,X317_BA_time,matclass:double,"(96000, 1)"
C:\Users\root\Desktop\class\math model\dataset\源域数据集\FE\12kHz OR\OR021@3_2.mat,X317RPM,matclass:double,"(1, 1)"
C:\Users\root\Desktop\class\math model\dataset\源域数据集\FE\12kHz OR\OR021@3_3.mat,X318_DE_time,matclass:double,"(96000, 1)"
C:\Users\root\Desktop\class\math model\dataset\源域数据集\FE\12kHz OR\OR021@3_3.mat,X318_FE_time,matclass:double,"(96000, 1)"
C:\Users\root\Desktop\class\math model\dataset\源域数据集\FE\12kHz OR\OR021@3_3.mat,X318_BA_time,matclass:double,"(96000, 1)"
C:\Users\root\Desktop\class\math model\dataset\源域数据集\FE\12kHz OR\OR021@3_3.mat,X318RPM,matclass:double,"(1, 1)"
C:\Users\root\Desktop\class\math model\dataset\源域数据集\FE\12kHz OR\OR021@6_0.mat,X315_DE_time,matclass:double,"(96000, 1)"
C:\Users\root\Desktop\class\math model\dataset\源域数据集\FE\12kHz OR\OR021@6_0.mat,X315_FE_time,matclass:double,"(96000, 1)"
C:\Users\root\Desktop\class\math model\dataset\源域数据集\FE\12kHz OR\OR021@6_0.mat,X315_BA_time,matclass:double,"(96000, 1)"
C:\Users\root\Desktop\class\math model\dataset\源域数据集\FE\12kHz OR\OR021@6_0.mat,X315RPM,matclass:double,"(1, 1)"
C:\Users\root\Desktop\class\math model\dataset\目标域数据集\A.mat,A,matclass:double,"(256000, 1)"
C:\Users\root\Desktop\class\math model\dataset\目标域数据集\B.mat,B,matclass:double,"(256000, 1)"
C:\Users\root\Desktop\class\math model\dataset\目标域数据集\C.mat,C,matclass:double,"(256000, 1)"
C:\Users\root\Desktop\class\math model\dataset\目标域数据集\D.mat,D,matclass:double,"(256000, 1)"
C:\Users\root\Desktop\class\math model\dataset\目标域数据集\E.mat,E,matclass:double,"(256000, 1)"
C:\Users\root\Desktop\class\math model\dataset\目标域数据集\F.mat,F,matclass:double,"(256000, 1)"
C:\Users\root\Desktop\class\math model\dataset\目标域数据集\G.mat,G,matclass:double,"(256000, 1)"
C:\Users\root\Desktop\class\math model\dataset\目标域数据集\H.mat,H,matclass:double,"(256000, 1)"
C:\Users\root\Desktop\class\math model\dataset\目标域数据集\I.mat,I,matclass:double,"(256000, 1)"
C:\Users\root\Desktop\class\math model\dataset\目标域数据集\J.mat,J,matclass:double,"(256000, 1)"
C:\Users\root\Desktop\class\math model\dataset\目标域数据集\K.mat,K,matclass:double,"(256000, 1)"
C:\Users\root\Desktop\class\math model\dataset\目标域数据集\L.mat,L,matclass:double,"(256000, 1)"
C:\Users\root\Desktop\class\math model\dataset\目标域数据集\M.mat,M,matclass:double,"(256000, 1)"
C:\Users\root\Desktop\class\math model\dataset\目标域数据集\N.mat,N,matclass:double,"(256000, 1)"
C:\Users\root\Desktop\class\math model\dataset\目标域数据集\O.mat,O,matclass:double,"(256000, 1)"
C:\Users\root\Desktop\class\math model\dataset\目标域数据集\P.mat,P,matclass:double,"(256000, 1)"
