src_file,var,num_segments,rpm_used,mode,out_path
C:\Users\root\Desktop\class\math model\dataset\源域数据集\48kHz Normal\N_0.mat,X097_DE_time,8,1796.0,image,C:\Users\root\Desktop\class\math model\dataset_tensors\48kHz Normal\N_0_X097_DE_time_imgs.npy
C:\Users\root\Desktop\class\math model\dataset\源域数据集\48kHz Normal\N_0.mat,X097_FE_time,8,1796.0,image,C:\Users\root\Desktop\class\math model\dataset_tensors\48kHz Normal\N_0_X097_FE_time_imgs.npy
C:\Users\root\Desktop\class\math model\dataset\源域数据集\48kHz Normal\N_1_(1772rpm).mat,X098_DE_time,13,1772.0,image,C:\Users\root\Desktop\class\math model\dataset_tensors\48kHz Normal\N_1_(1772rpm)_X098_DE_time_imgs.npy
C:\Users\root\Desktop\class\math model\dataset\源域数据集\48kHz Normal\N_1_(1772rpm).mat,X098_FE_time,13,1772.0,image,C:\Users\root\Desktop\class\math model\dataset_tensors\48kHz Normal\N_1_(1772rpm)_X098_FE_time_imgs.npy
C:\Users\root\Desktop\class\math model\dataset\源域数据集\48kHz Normal\N_2_(1750rpm).mat,X099_DE_time,13,1750.0,image,C:\Users\root\Desktop\class\math model\dataset_tensors\48kHz Normal\N_2_(1750rpm)_X099_DE_time_imgs.npy
C:\Users\root\Desktop\class\math model\dataset\源域数据集\48kHz Normal\N_2_(1750rpm).mat,X099_FE_time,13,1750.0,image,C:\Users\root\Desktop\class\math model\dataset_tensors\48kHz Normal\N_2_(1750rpm)_X099_FE_time_imgs.npy
C:\Users\root\Desktop\class\math model\dataset\源域数据集\48kHz Normal\N_3.mat,X100_DE_time,13,1725.0,image,C:\Users\root\Desktop\class\math model\dataset_tensors\48kHz Normal\N_3_X100_DE_time_imgs.npy
C:\Users\root\Desktop\class\math model\dataset\源域数据集\48kHz Normal\N_3.mat,X100_FE_time,13,1725.0,image,C:\Users\root\Desktop\class\math model\dataset_tensors\48kHz Normal\N_3_X100_FE_time_imgs.npy
C:\Users\root\Desktop\class\math model\dataset\源域数据集\DE\12kHz B\B007_0.mat,X118_DE_time,13,1796.0,image,C:\Users\root\Desktop\class\math model\dataset_tensors\DE\12kHz B\B007_0_X118_DE_time_imgs.npy
C:\Users\root\Desktop\class\math model\dataset\源域数据集\DE\12kHz B\B007_0.mat,X118_FE_time,13,1796.0,image,C:\Users\root\Desktop\class\math model\dataset_tensors\DE\12kHz B\B007_0_X118_FE_time_imgs.npy
C:\Users\root\Desktop\class\math model\dataset\源域数据集\DE\12kHz B\B007_0.mat,X118_BA_time,13,1796.0,image,C:\Users\root\Desktop\class\math model\dataset_tensors\DE\12kHz B\B007_0_X118_BA_time_imgs.npy
C:\Users\root\Desktop\class\math model\dataset\源域数据集\DE\12kHz B\B007_1.mat,X119_DE_time,13,1772.0,image,C:\Users\root\Desktop\class\math model\dataset_tensors\DE\12kHz B\B007_1_X119_DE_time_imgs.npy
C:\Users\root\Desktop\class\math model\dataset\源域数据集\DE\12kHz B\B007_1.mat,X119_FE_time,13,1772.0,image,C:\Users\root\Desktop\class\math model\dataset_tensors\DE\12kHz B\B007_1_X119_FE_time_imgs.npy
C:\Users\root\Desktop\class\math model\dataset\源域数据集\DE\12kHz B\B007_1.mat,X119_BA_time,13,1772.0,image,C:\Users\root\Desktop\class\math model\dataset_tensors\DE\12kHz B\B007_1_X119_BA_time_imgs.npy
C:\Users\root\Desktop\class\math model\dataset\源域数据集\DE\12kHz B\B007_2.mat,X120_DE_time,13,1748.0,image,C:\Users\root\Desktop\class\math model\dataset_tensors\DE\12kHz B\B007_2_X120_DE_time_imgs.npy
C:\Users\root\Desktop\class\math model\dataset\源域数据集\DE\12kHz B\B007_2.mat,X120_FE_time,13,1748.0,image,C:\Users\root\Desktop\class\math model\dataset_tensors\DE\12kHz B\B007_2_X120_FE_time_imgs.npy
C:\Users\root\Desktop\class\math model\dataset\源域数据集\DE\12kHz B\B007_2.mat,X120_BA_time,13,1748.0,image,C:\Users\root\Desktop\class\math model\dataset_tensors\DE\12kHz B\B007_2_X120_BA_time_imgs.npy
C:\Users\root\Desktop\class\math model\dataset\源域数据集\DE\12kHz B\B007_3.mat,X121_DE_time,13,1722.0,image,C:\Users\root\Desktop\class\math model\dataset_tensors\DE\12kHz B\B007_3_X121_DE_time_imgs.npy
C:\Users\root\Desktop\class\math model\dataset\源域数据集\DE\12kHz B\B007_3.mat,X121_FE_time,13,1722.0,image,C:\Users\root\Desktop\class\math model\dataset_tensors\DE\12kHz B\B007_3_X121_FE_time_imgs.npy
C:\Users\root\Desktop\class\math model\dataset\源域数据集\DE\12kHz B\B007_3.mat,X121_BA_time,13,1722.0,image,C:\Users\root\Desktop\class\math model\dataset_tensors\DE\12kHz B\B007_3_X121_BA_time_imgs.npy
C:\Users\root\Desktop\class\math model\dataset\源域数据集\DE\12kHz B\B014_0.mat,X185_DE_time,13,1796.0,image,C:\Users\root\Desktop\class\math model\dataset_tensors\DE\12kHz B\B014_0_X185_DE_time_imgs.npy
C:\Users\root\Desktop\class\math model\dataset\源域数据集\DE\12kHz B\B014_0.mat,X185_FE_time,13,1796.0,image,C:\Users\root\Desktop\class\math model\dataset_tensors\DE\12kHz B\B014_0_X185_FE_time_imgs.npy
C:\Users\root\Desktop\class\math model\dataset\源域数据集\DE\12kHz B\B014_0.mat,X185_BA_time,13,1796.0,image,C:\Users\root\Desktop\class\math model\dataset_tensors\DE\12kHz B\B014_0_X185_BA_time_imgs.npy
C:\Users\root\Desktop\class\math model\dataset\源域数据集\DE\12kHz B\B014_1.mat,X186_DE_time,13,1772.0,image,C:\Users\root\Desktop\class\math model\dataset_tensors\DE\12kHz B\B014_1_X186_DE_time_imgs.npy
C:\Users\root\Desktop\class\math model\dataset\源域数据集\DE\12kHz B\B014_1.mat,X186_FE_time,13,1772.0,image,C:\Users\root\Desktop\class\math model\dataset_tensors\DE\12kHz B\B014_1_X186_FE_time_imgs.npy
C:\Users\root\Desktop\class\math model\dataset\源域数据集\DE\12kHz B\B014_1.mat,X186_BA_time,13,1772.0,image,C:\Users\root\Desktop\class\math model\dataset_tensors\DE\12kHz B\B014_1_X186_BA_time_imgs.npy
C:\Users\root\Desktop\class\math model\dataset\源域数据集\DE\12kHz B\B014_2.mat,X187_DE_time,13,1749.0,image,C:\Users\root\Desktop\class\math model\dataset_tensors\DE\12kHz B\B014_2_X187_DE_time_imgs.npy
C:\Users\root\Desktop\class\math model\dataset\源域数据集\DE\12kHz B\B014_2.mat,X187_FE_time,13,1749.0,image,C:\Users\root\Desktop\class\math model\dataset_tensors\DE\12kHz B\B014_2_X187_FE_time_imgs.npy
C:\Users\root\Desktop\class\math model\dataset\源域数据集\DE\12kHz B\B014_2.mat,X187_BA_time,13,1749.0,image,C:\Users\root\Desktop\class\math model\dataset_tensors\DE\12kHz B\B014_2_X187_BA_time_imgs.npy
C:\Users\root\Desktop\class\math model\dataset\源域数据集\DE\12kHz B\B014_3.mat,X188_DE_time,13,1724.0,image,C:\Users\root\Desktop\class\math model\dataset_tensors\DE\12kHz B\B014_3_X188_DE_time_imgs.npy
C:\Users\root\Desktop\class\math model\dataset\源域数据集\DE\12kHz B\B014_3.mat,X188_FE_time,13,1724.0,image,C:\Users\root\Desktop\class\math model\dataset_tensors\DE\12kHz B\B014_3_X188_FE_time_imgs.npy
C:\Users\root\Desktop\class\math model\dataset\源域数据集\DE\12kHz B\B014_3.mat,X188_BA_time,13,1724.0,image,C:\Users\root\Desktop\class\math model\dataset_tensors\DE\12kHz B\B014_3_X188_BA_time_imgs.npy
C:\Users\root\Desktop\class\math model\dataset\源域数据集\DE\12kHz B\B021_0.mat,X222_DE_time,13,1796.0,image,C:\Users\root\Desktop\class\math model\dataset_tensors\DE\12kHz B\B021_0_X222_DE_time_imgs.npy
C:\Users\root\Desktop\class\math model\dataset\源域数据集\DE\12kHz B\B021_0.mat,X222_FE_time,13,1796.0,image,C:\Users\root\Desktop\class\math model\dataset_tensors\DE\12kHz B\B021_0_X222_FE_time_imgs.npy
C:\Users\root\Desktop\class\math model\dataset\源域数据集\DE\12kHz B\B021_0.mat,X222_BA_time,13,1796.0,image,C:\Users\root\Desktop\class\math model\dataset_tensors\DE\12kHz B\B021_0_X222_BA_time_imgs.npy
C:\Users\root\Desktop\class\math model\dataset\源域数据集\DE\12kHz B\B021_1.mat,X223_DE_time,13,1774.0,image,C:\Users\root\Desktop\class\math model\dataset_tensors\DE\12kHz B\B021_1_X223_DE_time_imgs.npy
C:\Users\root\Desktop\class\math model\dataset\源域数据集\DE\12kHz B\B021_1.mat,X223_FE_time,13,1774.0,image,C:\Users\root\Desktop\class\math model\dataset_tensors\DE\12kHz B\B021_1_X223_FE_time_imgs.npy
C:\Users\root\Desktop\class\math model\dataset\源域数据集\DE\12kHz B\B021_1.mat,X223_BA_time,13,1774.0,image,C:\Users\root\Desktop\class\math model\dataset_tensors\DE\12kHz B\B021_1_X223_BA_time_imgs.npy
C:\Users\root\Desktop\class\math model\dataset\源域数据集\DE\12kHz B\B021_2.mat,X224_DE_time,13,1754.0,image,C:\Users\root\Desktop\class\math model\dataset_tensors\DE\12kHz B\B021_2_X224_DE_time_imgs.npy
C:\Users\root\Desktop\class\math model\dataset\源域数据集\DE\12kHz B\B021_2.mat,X224_FE_time,13,1754.0,image,C:\Users\root\Desktop\class\math model\dataset_tensors\DE\12kHz B\B021_2_X224_FE_time_imgs.npy
C:\Users\root\Desktop\class\math model\dataset\源域数据集\DE\12kHz B\B021_2.mat,X224_BA_time,13,1754.0,image,C:\Users\root\Desktop\class\math model\dataset_tensors\DE\12kHz B\B021_2_X224_BA_time_imgs.npy
C:\Users\root\Desktop\class\math model\dataset\源域数据集\DE\12kHz B\B021_3.mat,X225_DE_time,13,1729.0,image,C:\Users\root\Desktop\class\math model\dataset_tensors\DE\12kHz B\B021_3_X225_DE_time_imgs.npy
C:\Users\root\Desktop\class\math model\dataset\源域数据集\DE\12kHz B\B021_3.mat,X225_FE_time,13,1729.0,image,C:\Users\root\Desktop\class\math model\dataset_tensors\DE\12kHz B\B021_3_X225_FE_time_imgs.npy
C:\Users\root\Desktop\class\math model\dataset\源域数据集\DE\12kHz B\B021_3.mat,X225_BA_time,13,1729.0,image,C:\Users\root\Desktop\class\math model\dataset_tensors\DE\12kHz B\B021_3_X225_BA_time_imgs.npy
C:\Users\root\Desktop\class\math model\dataset\源域数据集\DE\12kHz B\B028_0_(1797rpm).mat,X048_DE_time,13,1797.0,image,C:\Users\root\Desktop\class\math model\dataset_tensors\DE\12kHz B\B028_0_(1797rpm)_X048_DE_time_imgs.npy
C:\Users\root\Desktop\class\math model\dataset\源域数据集\DE\12kHz B\B028_1_(1772rpm).mat,X049_DE_time,13,1772.0,image,C:\Users\root\Desktop\class\math model\dataset_tensors\DE\12kHz B\B028_1_(1772rpm)_X049_DE_time_imgs.npy
C:\Users\root\Desktop\class\math model\dataset\源域数据集\DE\12kHz B\B028_2_(1750rpm).mat,X050_DE_time,13,1750.0,image,C:\Users\root\Desktop\class\math model\dataset_tensors\DE\12kHz B\B028_2_(1750rpm)_X050_DE_time_imgs.npy
C:\Users\root\Desktop\class\math model\dataset\源域数据集\DE\12kHz B\B028_3_(1730rpm).mat,X051_DE_time,13,1730.0,image,C:\Users\root\Desktop\class\math model\dataset_tensors\DE\12kHz B\B028_3_(1730rpm)_X051_DE_time_imgs.npy
C:\Users\root\Desktop\class\math model\dataset\源域数据集\DE\12kHz IR\IR007_0.mat,X105_DE_time,13,1797.0,image,C:\Users\root\Desktop\class\math model\dataset_tensors\DE\12kHz IR\IR007_0_X105_DE_time_imgs.npy
C:\Users\root\Desktop\class\math model\dataset\源域数据集\DE\12kHz IR\IR007_0.mat,X105_FE_time,13,1797.0,image,C:\Users\root\Desktop\class\math model\dataset_tensors\DE\12kHz IR\IR007_0_X105_FE_time_imgs.npy
C:\Users\root\Desktop\class\math model\dataset\源域数据集\DE\12kHz IR\IR007_0.mat,X105_BA_time,13,1797.0,image,C:\Users\root\Desktop\class\math model\dataset_tensors\DE\12kHz IR\IR007_0_X105_BA_time_imgs.npy
C:\Users\root\Desktop\class\math model\dataset\源域数据集\DE\12kHz IR\IR007_1.mat,X106_DE_time,13,1772.0,image,C:\Users\root\Desktop\class\math model\dataset_tensors\DE\12kHz IR\IR007_1_X106_DE_time_imgs.npy
C:\Users\root\Desktop\class\math model\dataset\源域数据集\DE\12kHz IR\IR007_1.mat,X106_FE_time,13,1772.0,image,C:\Users\root\Desktop\class\math model\dataset_tensors\DE\12kHz IR\IR007_1_X106_FE_time_imgs.npy
C:\Users\root\Desktop\class\math model\dataset\源域数据集\DE\12kHz IR\IR007_1.mat,X106_BA_time,13,1772.0,image,C:\Users\root\Desktop\class\math model\dataset_tensors\DE\12kHz IR\IR007_1_X106_BA_time_imgs.npy
C:\Users\root\Desktop\class\math model\dataset\源域数据集\DE\12kHz IR\IR007_2.mat,X107_DE_time,13,1748.0,image,C:\Users\root\Desktop\class\math model\dataset_tensors\DE\12kHz IR\IR007_2_X107_DE_time_imgs.npy
C:\Users\root\Desktop\class\math model\dataset\源域数据集\DE\12kHz IR\IR007_2.mat,X107_FE_time,13,1748.0,image,C:\Users\root\Desktop\class\math model\dataset_tensors\DE\12kHz IR\IR007_2_X107_FE_time_imgs.npy
C:\Users\root\Desktop\class\math model\dataset\源域数据集\DE\12kHz IR\IR007_2.mat,X107_BA_time,13,1748.0,image,C:\Users\root\Desktop\class\math model\dataset_tensors\DE\12kHz IR\IR007_2_X107_BA_time_imgs.npy
C:\Users\root\Desktop\class\math model\dataset\源域数据集\DE\12kHz IR\IR007_3.mat,X108_DE_time,13,1721.0,image,C:\Users\root\Desktop\class\math model\dataset_tensors\DE\12kHz IR\IR007_3_X108_DE_time_imgs.npy
C:\Users\root\Desktop\class\math model\dataset\源域数据集\DE\12kHz IR\IR007_3.mat,X108_FE_time,13,1721.0,image,C:\Users\root\Desktop\class\math model\dataset_tensors\DE\12kHz IR\IR007_3_X108_FE_time_imgs.npy
C:\Users\root\Desktop\class\math model\dataset\源域数据集\DE\12kHz IR\IR007_3.mat,X108_BA_time,13,1721.0,image,C:\Users\root\Desktop\class\math model\dataset_tensors\DE\12kHz IR\IR007_3_X108_BA_time_imgs.npy
C:\Users\root\Desktop\class\math model\dataset\源域数据集\DE\12kHz IR\IR014_0.mat,X169_DE_time,13,1796.0,image,C:\Users\root\Desktop\class\math model\dataset_tensors\DE\12kHz IR\IR014_0_X169_DE_time_imgs.npy
C:\Users\root\Desktop\class\math model\dataset\源域数据集\DE\12kHz IR\IR014_0.mat,X169_FE_time,13,1796.0,image,C:\Users\root\Desktop\class\math model\dataset_tensors\DE\12kHz IR\IR014_0_X169_FE_time_imgs.npy
C:\Users\root\Desktop\class\math model\dataset\源域数据集\DE\12kHz IR\IR014_0.mat,X169_BA_time,13,1796.0,image,C:\Users\root\Desktop\class\math model\dataset_tensors\DE\12kHz IR\IR014_0_X169_BA_time_imgs.npy
C:\Users\root\Desktop\class\math model\dataset\源域数据集\DE\12kHz IR\IR014_1.mat,X170_DE_time,13,1774.0,image,C:\Users\root\Desktop\class\math model\dataset_tensors\DE\12kHz IR\IR014_1_X170_DE_time_imgs.npy
C:\Users\root\Desktop\class\math model\dataset\源域数据集\DE\12kHz IR\IR014_1.mat,X170_FE_time,13,1774.0,image,C:\Users\root\Desktop\class\math model\dataset_tensors\DE\12kHz IR\IR014_1_X170_FE_time_imgs.npy
C:\Users\root\Desktop\class\math model\dataset\源域数据集\DE\12kHz IR\IR014_1.mat,X170_BA_time,13,1774.0,image,C:\Users\root\Desktop\class\math model\dataset_tensors\DE\12kHz IR\IR014_1_X170_BA_time_imgs.npy
C:\Users\root\Desktop\class\math model\dataset\源域数据集\DE\12kHz IR\IR014_2.mat,X171_DE_time,13,1752.0,image,C:\Users\root\Desktop\class\math model\dataset_tensors\DE\12kHz IR\IR014_2_X171_DE_time_imgs.npy
C:\Users\root\Desktop\class\math model\dataset\源域数据集\DE\12kHz IR\IR014_2.mat,X171_FE_time,13,1752.0,image,C:\Users\root\Desktop\class\math model\dataset_tensors\DE\12kHz IR\IR014_2_X171_FE_time_imgs.npy
C:\Users\root\Desktop\class\math model\dataset\源域数据集\DE\12kHz IR\IR014_2.mat,X171_BA_time,13,1752.0,image,C:\Users\root\Desktop\class\math model\dataset_tensors\DE\12kHz IR\IR014_2_X171_BA_time_imgs.npy
C:\Users\root\Desktop\class\math model\dataset\源域数据集\DE\12kHz IR\IR014_3.mat,X172_DE_time,13,1728.0,image,C:\Users\root\Desktop\class\math model\dataset_tensors\DE\12kHz IR\IR014_3_X172_DE_time_imgs.npy
C:\Users\root\Desktop\class\math model\dataset\源域数据集\DE\12kHz IR\IR014_3.mat,X172_FE_time,13,1728.0,image,C:\Users\root\Desktop\class\math model\dataset_tensors\DE\12kHz IR\IR014_3_X172_FE_time_imgs.npy
C:\Users\root\Desktop\class\math model\dataset\源域数据集\DE\12kHz IR\IR014_3.mat,X172_BA_time,13,1728.0,image,C:\Users\root\Desktop\class\math model\dataset_tensors\DE\12kHz IR\IR014_3_X172_BA_time_imgs.npy
C:\Users\root\Desktop\class\math model\dataset\源域数据集\DE\12kHz IR\IR021_0.mat,X209_DE_time,13,1797.0,image,C:\Users\root\Desktop\class\math model\dataset_tensors\DE\12kHz IR\IR021_0_X209_DE_time_imgs.npy
C:\Users\root\Desktop\class\math model\dataset\源域数据集\DE\12kHz IR\IR021_0.mat,X209_FE_time,13,1797.0,image,C:\Users\root\Desktop\class\math model\dataset_tensors\DE\12kHz IR\IR021_0_X209_FE_time_imgs.npy
C:\Users\root\Desktop\class\math model\dataset\源域数据集\DE\12kHz IR\IR021_0.mat,X209_BA_time,13,1797.0,image,C:\Users\root\Desktop\class\math model\dataset_tensors\DE\12kHz IR\IR021_0_X209_BA_time_imgs.npy
C:\Users\root\Desktop\class\math model\dataset\源域数据集\DE\12kHz IR\IR021_1.mat,X210_DE_time,13,1774.0,image,C:\Users\root\Desktop\class\math model\dataset_tensors\DE\12kHz IR\IR021_1_X210_DE_time_imgs.npy
C:\Users\root\Desktop\class\math model\dataset\源域数据集\DE\12kHz IR\IR021_1.mat,X210_FE_time,13,1774.0,image,C:\Users\root\Desktop\class\math model\dataset_tensors\DE\12kHz IR\IR021_1_X210_FE_time_imgs.npy
C:\Users\root\Desktop\class\math model\dataset\源域数据集\DE\12kHz IR\IR021_1.mat,X210_BA_time,13,1774.0,image,C:\Users\root\Desktop\class\math model\dataset_tensors\DE\12kHz IR\IR021_1_X210_BA_time_imgs.npy
C:\Users\root\Desktop\class\math model\dataset\源域数据集\DE\12kHz IR\IR021_2.mat,X211_DE_time,13,1752.0,image,C:\Users\root\Desktop\class\math model\dataset_tensors\DE\12kHz IR\IR021_2_X211_DE_time_imgs.npy
C:\Users\root\Desktop\class\math model\dataset\源域数据集\DE\12kHz IR\IR021_2.mat,X211_FE_time,13,1752.0,image,C:\Users\root\Desktop\class\math model\dataset_tensors\DE\12kHz IR\IR021_2_X211_FE_time_imgs.npy
C:\Users\root\Desktop\class\math model\dataset\源域数据集\DE\12kHz IR\IR021_2.mat,X211_BA_time,13,1752.0,image,C:\Users\root\Desktop\class\math model\dataset_tensors\DE\12kHz IR\IR021_2_X211_BA_time_imgs.npy
C:\Users\root\Desktop\class\math model\dataset\源域数据集\DE\12kHz IR\IR021_3.mat,X212_DE_time,13,1728.0,image,C:\Users\root\Desktop\class\math model\dataset_tensors\DE\12kHz IR\IR021_3_X212_DE_time_imgs.npy
C:\Users\root\Desktop\class\math model\dataset\源域数据集\DE\12kHz IR\IR021_3.mat,X212_FE_time,13,1728.0,image,C:\Users\root\Desktop\class\math model\dataset_tensors\DE\12kHz IR\IR021_3_X212_FE_time_imgs.npy
C:\Users\root\Desktop\class\math model\dataset\源域数据集\DE\12kHz IR\IR021_3.mat,X212_BA_time,13,1728.0,image,C:\Users\root\Desktop\class\math model\dataset_tensors\DE\12kHz IR\IR021_3_X212_BA_time_imgs.npy
C:\Users\root\Desktop\class\math model\dataset\源域数据集\DE\12kHz IR\IR028_0_(1797rpm).mat,X056_DE_time,13,1797.0,image,C:\Users\root\Desktop\class\math model\dataset_tensors\DE\12kHz IR\IR028_0_(1797rpm)_X056_DE_time_imgs.npy
C:\Users\root\Desktop\class\math model\dataset\源域数据集\DE\12kHz IR\IR028_1_(1772rpm).mat,X057_DE_time,13,1772.0,image,C:\Users\root\Desktop\class\math model\dataset_tensors\DE\12kHz IR\IR028_1_(1772rpm)_X057_DE_time_imgs.npy
C:\Users\root\Desktop\class\math model\dataset\源域数据集\DE\12kHz IR\IR028_2_(1750rpm).mat,X058_DE_time,13,1750.0,image,C:\Users\root\Desktop\class\math model\dataset_tensors\DE\12kHz IR\IR028_2_(1750rpm)_X058_DE_time_imgs.npy
C:\Users\root\Desktop\class\math model\dataset\源域数据集\DE\12kHz IR\IR028_3_(1730rpm).mat,X059_DE_time,13,1730.0,image,C:\Users\root\Desktop\class\math model\dataset_tensors\DE\12kHz IR\IR028_3_(1730rpm)_X059_DE_time_imgs.npy
C:\Users\root\Desktop\class\math model\dataset\源域数据集\DE\12kHz OR\OR007@12_0.mat,X156_DE_time,13,1797.0,image,C:\Users\root\Desktop\class\math model\dataset_tensors\DE\12kHz OR\OR007@12_0_X156_DE_time_imgs.npy
C:\Users\root\Desktop\class\math model\dataset\源域数据集\DE\12kHz OR\OR007@12_0.mat,X156_FE_time,13,1797.0,image,C:\Users\root\Desktop\class\math model\dataset_tensors\DE\12kHz OR\OR007@12_0_X156_FE_time_imgs.npy
C:\Users\root\Desktop\class\math model\dataset\源域数据集\DE\12kHz OR\OR007@12_0.mat,X156_BA_time,13,1797.0,image,C:\Users\root\Desktop\class\math model\dataset_tensors\DE\12kHz OR\OR007@12_0_X156_BA_time_imgs.npy
C:\Users\root\Desktop\class\math model\dataset\源域数据集\DE\12kHz OR\OR007@12_1.mat,X158_DE_time,13,1773.0,image,C:\Users\root\Desktop\class\math model\dataset_tensors\DE\12kHz OR\OR007@12_1_X158_DE_time_imgs.npy
C:\Users\root\Desktop\class\math model\dataset\源域数据集\DE\12kHz OR\OR007@12_1.mat,X158_FE_time,13,1773.0,image,C:\Users\root\Desktop\class\math model\dataset_tensors\DE\12kHz OR\OR007@12_1_X158_FE_time_imgs.npy
C:\Users\root\Desktop\class\math model\dataset\源域数据集\DE\12kHz OR\OR007@12_1.mat,X158_BA_time,13,1773.0,image,C:\Users\root\Desktop\class\math model\dataset_tensors\DE\12kHz OR\OR007@12_1_X158_BA_time_imgs.npy
C:\Users\root\Desktop\class\math model\dataset\源域数据集\DE\12kHz OR\OR007@12_2.mat,X159_DE_time,13,1750.0,image,C:\Users\root\Desktop\class\math model\dataset_tensors\DE\12kHz OR\OR007@12_2_X159_DE_time_imgs.npy
C:\Users\root\Desktop\class\math model\dataset\源域数据集\DE\12kHz OR\OR007@12_2.mat,X159_FE_time,13,1750.0,image,C:\Users\root\Desktop\class\math model\dataset_tensors\DE\12kHz OR\OR007@12_2_X159_FE_time_imgs.npy
C:\Users\root\Desktop\class\math model\dataset\源域数据集\DE\12kHz OR\OR007@12_2.mat,X159_BA_time,13,1750.0,image,C:\Users\root\Desktop\class\math model\dataset_tensors\DE\12kHz OR\OR007@12_2_X159_BA_time_imgs.npy
C:\Users\root\Desktop\class\math model\dataset\源域数据集\DE\12kHz OR\OR007@12_3.mat,X160_DE_time,13,1724.0,image,C:\Users\root\Desktop\class\math model\dataset_tensors\DE\12kHz OR\OR007@12_3_X160_DE_time_imgs.npy
C:\Users\root\Desktop\class\math model\dataset\源域数据集\DE\12kHz OR\OR007@12_3.mat,X160_FE_time,13,1724.0,image,C:\Users\root\Desktop\class\math model\dataset_tensors\DE\12kHz OR\OR007@12_3_X160_FE_time_imgs.npy
C:\Users\root\Desktop\class\math model\dataset\源域数据集\DE\12kHz OR\OR007@12_3.mat,X160_BA_time,13,1724.0,image,C:\Users\root\Desktop\class\math model\dataset_tensors\DE\12kHz OR\OR007@12_3_X160_BA_time_imgs.npy
C:\Users\root\Desktop\class\math model\dataset\源域数据集\DE\12kHz OR\OR007@3_0.mat,X144_DE_time,13,1797.0,image,C:\Users\root\Desktop\class\math model\dataset_tensors\DE\12kHz OR\OR007@3_0_X144_DE_time_imgs.npy
C:\Users\root\Desktop\class\math model\dataset\源域数据集\DE\12kHz OR\OR007@3_0.mat,X144_FE_time,13,1797.0,image,C:\Users\root\Desktop\class\math model\dataset_tensors\DE\12kHz OR\OR007@3_0_X144_FE_time_imgs.npy
C:\Users\root\Desktop\class\math model\dataset\源域数据集\DE\12kHz OR\OR007@3_0.mat,X144_BA_time,13,1797.0,image,C:\Users\root\Desktop\class\math model\dataset_tensors\DE\12kHz OR\OR007@3_0_X144_BA_time_imgs.npy
C:\Users\root\Desktop\class\math model\dataset\源域数据集\DE\12kHz OR\OR007@3_1.mat,X145_DE_time,13,1774.0,image,C:\Users\root\Desktop\class\math model\dataset_tensors\DE\12kHz OR\OR007@3_1_X145_DE_time_imgs.npy
C:\Users\root\Desktop\class\math model\dataset\源域数据集\DE\12kHz OR\OR007@3_1.mat,X145_FE_time,13,1774.0,image,C:\Users\root\Desktop\class\math model\dataset_tensors\DE\12kHz OR\OR007@3_1_X145_FE_time_imgs.npy
C:\Users\root\Desktop\class\math model\dataset\源域数据集\DE\12kHz OR\OR007@3_1.mat,X145_BA_time,13,1774.0,image,C:\Users\root\Desktop\class\math model\dataset_tensors\DE\12kHz OR\OR007@3_1_X145_BA_time_imgs.npy
C:\Users\root\Desktop\class\math model\dataset\源域数据集\DE\12kHz OR\OR007@3_2.mat,X146_DE_time,13,1751.0,image,C:\Users\root\Desktop\class\math model\dataset_tensors\DE\12kHz OR\OR007@3_2_X146_DE_time_imgs.npy
C:\Users\root\Desktop\class\math model\dataset\源域数据集\DE\12kHz OR\OR007@3_2.mat,X146_FE_time,13,1751.0,image,C:\Users\root\Desktop\class\math model\dataset_tensors\DE\12kHz OR\OR007@3_2_X146_FE_time_imgs.npy
C:\Users\root\Desktop\class\math model\dataset\源域数据集\DE\12kHz OR\OR007@3_2.mat,X146_BA_time,13,1751.0,image,C:\Users\root\Desktop\class\math model\dataset_tensors\DE\12kHz OR\OR007@3_2_X146_BA_time_imgs.npy
C:\Users\root\Desktop\class\math model\dataset\源域数据集\DE\12kHz OR\OR007@3_3.mat,X147_DE_time,13,1725.0,image,C:\Users\root\Desktop\class\math model\dataset_tensors\DE\12kHz OR\OR007@3_3_X147_DE_time_imgs.npy
C:\Users\root\Desktop\class\math model\dataset\源域数据集\DE\12kHz OR\OR007@3_3.mat,X147_FE_time,13,1725.0,image,C:\Users\root\Desktop\class\math model\dataset_tensors\DE\12kHz OR\OR007@3_3_X147_FE_time_imgs.npy
C:\Users\root\Desktop\class\math model\dataset\源域数据集\DE\12kHz OR\OR007@3_3.mat,X147_BA_time,13,1725.0,image,C:\Users\root\Desktop\class\math model\dataset_tensors\DE\12kHz OR\OR007@3_3_X147_BA_time_imgs.npy
C:\Users\root\Desktop\class\math model\dataset\源域数据集\DE\12kHz OR\OR007@6_0.mat,X130_DE_time,13,1796.0,image,C:\Users\root\Desktop\class\math model\dataset_tensors\DE\12kHz OR\OR007@6_0_X130_DE_time_imgs.npy
C:\Users\root\Desktop\class\math model\dataset\源域数据集\DE\12kHz OR\OR007@6_0.mat,X130_FE_time,13,1796.0,image,C:\Users\root\Desktop\class\math model\dataset_tensors\DE\12kHz OR\OR007@6_0_X130_FE_time_imgs.npy
C:\Users\root\Desktop\class\math model\dataset\源域数据集\DE\12kHz OR\OR007@6_0.mat,X130_BA_time,13,1796.0,image,C:\Users\root\Desktop\class\math model\dataset_tensors\DE\12kHz OR\OR007@6_0_X130_BA_time_imgs.npy
C:\Users\root\Desktop\class\math model\dataset\源域数据集\DE\12kHz OR\OR007@6_1.mat,X131_DE_time,13,1773.0,image,C:\Users\root\Desktop\class\math model\dataset_tensors\DE\12kHz OR\OR007@6_1_X131_DE_time_imgs.npy
C:\Users\root\Desktop\class\math model\dataset\源域数据集\DE\12kHz OR\OR007@6_1.mat,X131_FE_time,13,1773.0,image,C:\Users\root\Desktop\class\math model\dataset_tensors\DE\12kHz OR\OR007@6_1_X131_FE_time_imgs.npy
C:\Users\root\Desktop\class\math model\dataset\源域数据集\DE\12kHz OR\OR007@6_1.mat,X131_BA_time,13,1773.0,image,C:\Users\root\Desktop\class\math model\dataset_tensors\DE\12kHz OR\OR007@6_1_X131_BA_time_imgs.npy
C:\Users\root\Desktop\class\math model\dataset\源域数据集\DE\12kHz OR\OR007@6_2.mat,X132_DE_time,13,1750.0,image,C:\Users\root\Desktop\class\math model\dataset_tensors\DE\12kHz OR\OR007@6_2_X132_DE_time_imgs.npy
C:\Users\root\Desktop\class\math model\dataset\源域数据集\DE\12kHz OR\OR007@6_2.mat,X132_FE_time,13,1750.0,image,C:\Users\root\Desktop\class\math model\dataset_tensors\DE\12kHz OR\OR007@6_2_X132_FE_time_imgs.npy
C:\Users\root\Desktop\class\math model\dataset\源域数据集\DE\12kHz OR\OR007@6_2.mat,X132_BA_time,13,1750.0,image,C:\Users\root\Desktop\class\math model\dataset_tensors\DE\12kHz OR\OR007@6_2_X132_BA_time_imgs.npy
C:\Users\root\Desktop\class\math model\dataset\源域数据集\DE\12kHz OR\OR007@6_3.mat,X133_DE_time,13,1725.0,image,C:\Users\root\Desktop\class\math model\dataset_tensors\DE\12kHz OR\OR007@6_3_X133_DE_time_imgs.npy
C:\Users\root\Desktop\class\math model\dataset\源域数据集\DE\12kHz OR\OR007@6_3.mat,X133_FE_time,13,1725.0,image,C:\Users\root\Desktop\class\math model\dataset_tensors\DE\12kHz OR\OR007@6_3_X133_FE_time_imgs.npy
C:\Users\root\Desktop\class\math model\dataset\源域数据集\DE\12kHz OR\OR007@6_3.mat,X133_BA_time,13,1725.0,image,C:\Users\root\Desktop\class\math model\dataset_tensors\DE\12kHz OR\OR007@6_3_X133_BA_time_imgs.npy
C:\Users\root\Desktop\class\math model\dataset\源域数据集\DE\12kHz OR\OR014@6_0.mat,X197_DE_time,13,1796.0,image,C:\Users\root\Desktop\class\math model\dataset_tensors\DE\12kHz OR\OR014@6_0_X197_DE_time_imgs.npy
C:\Users\root\Desktop\class\math model\dataset\源域数据集\DE\12kHz OR\OR014@6_0.mat,X197_FE_time,13,1796.0,image,C:\Users\root\Desktop\class\math model\dataset_tensors\DE\12kHz OR\OR014@6_0_X197_FE_time_imgs.npy
C:\Users\root\Desktop\class\math model\dataset\源域数据集\DE\12kHz OR\OR014@6_0.mat,X197_BA_time,13,1796.0,image,C:\Users\root\Desktop\class\math model\dataset_tensors\DE\12kHz OR\OR014@6_0_X197_BA_time_imgs.npy
C:\Users\root\Desktop\class\math model\dataset\源域数据集\DE\12kHz OR\OR014@6_1.mat,X198_DE_time,13,1772.0,image,C:\Users\root\Desktop\class\math model\dataset_tensors\DE\12kHz OR\OR014@6_1_X198_DE_time_imgs.npy
C:\Users\root\Desktop\class\math model\dataset\源域数据集\DE\12kHz OR\OR014@6_1.mat,X198_FE_time,13,1772.0,image,C:\Users\root\Desktop\class\math model\dataset_tensors\DE\12kHz OR\OR014@6_1_X198_FE_time_imgs.npy
C:\Users\root\Desktop\class\math model\dataset\源域数据集\DE\12kHz OR\OR014@6_1.mat,X198_BA_time,13,1772.0,image,C:\Users\root\Desktop\class\math model\dataset_tensors\DE\12kHz OR\OR014@6_1_X198_BA_time_imgs.npy
C:\Users\root\Desktop\class\math model\dataset\源域数据集\DE\12kHz OR\OR014@6_2.mat,X199_DE_time,13,1749.0,image,C:\Users\root\Desktop\class\math model\dataset_tensors\DE\12kHz OR\OR014@6_2_X199_DE_time_imgs.npy
C:\Users\root\Desktop\class\math model\dataset\源域数据集\DE\12kHz OR\OR014@6_2.mat,X199_FE_time,13,1749.0,image,C:\Users\root\Desktop\class\math model\dataset_tensors\DE\12kHz OR\OR014@6_2_X199_FE_time_imgs.npy
C:\Users\root\Desktop\class\math model\dataset\源域数据集\DE\12kHz OR\OR014@6_2.mat,X199_BA_time,13,1749.0,image,C:\Users\root\Desktop\class\math model\dataset_tensors\DE\12kHz OR\OR014@6_2_X199_BA_time_imgs.npy
C:\Users\root\Desktop\class\math model\dataset\源域数据集\DE\12kHz OR\OR014@6_3.mat,X200_DE_time,13,1723.0,image,C:\Users\root\Desktop\class\math model\dataset_tensors\DE\12kHz OR\OR014@6_3_X200_DE_time_imgs.npy
C:\Users\root\Desktop\class\math model\dataset\源域数据集\DE\12kHz OR\OR014@6_3.mat,X200_FE_time,13,1723.0,image,C:\Users\root\Desktop\class\math model\dataset_tensors\DE\12kHz OR\OR014@6_3_X200_FE_time_imgs.npy
C:\Users\root\Desktop\class\math model\dataset\源域数据集\DE\12kHz OR\OR014@6_3.mat,X200_BA_time,13,1723.0,image,C:\Users\root\Desktop\class\math model\dataset_tensors\DE\12kHz OR\OR014@6_3_X200_BA_time_imgs.npy
C:\Users\root\Desktop\class\math model\dataset\源域数据集\DE\12kHz OR\OR021@12_0.mat,X258_DE_time,13,1796.0,image,C:\Users\root\Desktop\class\math model\dataset_tensors\DE\12kHz OR\OR021@12_0_X258_DE_time_imgs.npy
C:\Users\root\Desktop\class\math model\dataset\源域数据集\DE\12kHz OR\OR021@12_0.mat,X258_FE_time,13,1796.0,image,C:\Users\root\Desktop\class\math model\dataset_tensors\DE\12kHz OR\OR021@12_0_X258_FE_time_imgs.npy
C:\Users\root\Desktop\class\math model\dataset\源域数据集\DE\12kHz OR\OR021@12_0.mat,X258_BA_time,13,1796.0,image,C:\Users\root\Desktop\class\math model\dataset_tensors\DE\12kHz OR\OR021@12_0_X258_BA_time_imgs.npy
C:\Users\root\Desktop\class\math model\dataset\源域数据集\DE\12kHz OR\OR021@12_1.mat,X259_DE_time,13,1771.0,image,C:\Users\root\Desktop\class\math model\dataset_tensors\DE\12kHz OR\OR021@12_1_X259_DE_time_imgs.npy
C:\Users\root\Desktop\class\math model\dataset\源域数据集\DE\12kHz OR\OR021@12_1.mat,X259_FE_time,13,1771.0,image,C:\Users\root\Desktop\class\math model\dataset_tensors\DE\12kHz OR\OR021@12_1_X259_FE_time_imgs.npy
C:\Users\root\Desktop\class\math model\dataset\源域数据集\DE\12kHz OR\OR021@12_1.mat,X259_BA_time,13,1771.0,image,C:\Users\root\Desktop\class\math model\dataset_tensors\DE\12kHz OR\OR021@12_1_X259_BA_time_imgs.npy
C:\Users\root\Desktop\class\math model\dataset\源域数据集\DE\12kHz OR\OR021@12_2.mat,X260_DE_time,13,1746.0,image,C:\Users\root\Desktop\class\math model\dataset_tensors\DE\12kHz OR\OR021@12_2_X260_DE_time_imgs.npy
C:\Users\root\Desktop\class\math model\dataset\源域数据集\DE\12kHz OR\OR021@12_2.mat,X260_FE_time,13,1746.0,image,C:\Users\root\Desktop\class\math model\dataset_tensors\DE\12kHz OR\OR021@12_2_X260_FE_time_imgs.npy
C:\Users\root\Desktop\class\math model\dataset\源域数据集\DE\12kHz OR\OR021@12_2.mat,X260_BA_time,13,1746.0,image,C:\Users\root\Desktop\class\math model\dataset_tensors\DE\12kHz OR\OR021@12_2_X260_BA_time_imgs.npy
C:\Users\root\Desktop\class\math model\dataset\源域数据集\DE\12kHz OR\OR021@12_3.mat,X261_DE_time,13,1718.0,image,C:\Users\root\Desktop\class\math model\dataset_tensors\DE\12kHz OR\OR021@12_3_X261_DE_time_imgs.npy
C:\Users\root\Desktop\class\math model\dataset\源域数据集\DE\12kHz OR\OR021@12_3.mat,X261_FE_time,13,1718.0,image,C:\Users\root\Desktop\class\math model\dataset_tensors\DE\12kHz OR\OR021@12_3_X261_FE_time_imgs.npy
C:\Users\root\Desktop\class\math model\dataset\源域数据集\DE\12kHz OR\OR021@12_3.mat,X261_BA_time,13,1718.0,image,C:\Users\root\Desktop\class\math model\dataset_tensors\DE\12kHz OR\OR021@12_3_X261_BA_time_imgs.npy
C:\Users\root\Desktop\class\math model\dataset\源域数据集\DE\12kHz OR\OR021@3_0.mat,X246_DE_time,13,1796.0,image,C:\Users\root\Desktop\class\math model\dataset_tensors\DE\12kHz OR\OR021@3_0_X246_DE_time_imgs.npy
C:\Users\root\Desktop\class\math model\dataset\源域数据集\DE\12kHz OR\OR021@3_0.mat,X246_FE_time,13,1796.0,image,C:\Users\root\Desktop\class\math model\dataset_tensors\DE\12kHz OR\OR021@3_0_X246_FE_time_imgs.npy
C:\Users\root\Desktop\class\math model\dataset\源域数据集\DE\12kHz OR\OR021@3_0.mat,X246_BA_time,13,1796.0,image,C:\Users\root\Desktop\class\math model\dataset_tensors\DE\12kHz OR\OR021@3_0_X246_BA_time_imgs.npy
C:\Users\root\Desktop\class\math model\dataset\源域数据集\DE\12kHz OR\OR021@3_1.mat,X247_DE_time,13,1771.0,image,C:\Users\root\Desktop\class\math model\dataset_tensors\DE\12kHz OR\OR021@3_1_X247_DE_time_imgs.npy
C:\Users\root\Desktop\class\math model\dataset\源域数据集\DE\12kHz OR\OR021@3_1.mat,X247_FE_time,13,1771.0,image,C:\Users\root\Desktop\class\math model\dataset_tensors\DE\12kHz OR\OR021@3_1_X247_FE_time_imgs.npy
C:\Users\root\Desktop\class\math model\dataset\源域数据集\DE\12kHz OR\OR021@3_1.mat,X247_BA_time,13,1771.0,image,C:\Users\root\Desktop\class\math model\dataset_tensors\DE\12kHz OR\OR021@3_1_X247_BA_time_imgs.npy
C:\Users\root\Desktop\class\math model\dataset\源域数据集\DE\12kHz OR\OR021@3_2.mat,X248_DE_time,13,1747.0,image,C:\Users\root\Desktop\class\math model\dataset_tensors\DE\12kHz OR\OR021@3_2_X248_DE_time_imgs.npy
C:\Users\root\Desktop\class\math model\dataset\源域数据集\DE\12kHz OR\OR021@3_2.mat,X248_FE_time,13,1747.0,image,C:\Users\root\Desktop\class\math model\dataset_tensors\DE\12kHz OR\OR021@3_2_X248_FE_time_imgs.npy
C:\Users\root\Desktop\class\math model\dataset\源域数据集\DE\12kHz OR\OR021@3_2.mat,X248_BA_time,13,1747.0,image,C:\Users\root\Desktop\class\math model\dataset_tensors\DE\12kHz OR\OR021@3_2_X248_BA_time_imgs.npy
C:\Users\root\Desktop\class\math model\dataset\源域数据集\DE\12kHz OR\OR021@3_3.mat,X249_DE_time,13,1719.0,image,C:\Users\root\Desktop\class\math model\dataset_tensors\DE\12kHz OR\OR021@3_3_X249_DE_time_imgs.npy
C:\Users\root\Desktop\class\math model\dataset\源域数据集\DE\12kHz OR\OR021@3_3.mat,X249_FE_time,13,1719.0,image,C:\Users\root\Desktop\class\math model\dataset_tensors\DE\12kHz OR\OR021@3_3_X249_FE_time_imgs.npy
C:\Users\root\Desktop\class\math model\dataset\源域数据集\DE\12kHz OR\OR021@3_3.mat,X249_BA_time,13,1719.0,image,C:\Users\root\Desktop\class\math model\dataset_tensors\DE\12kHz OR\OR021@3_3_X249_BA_time_imgs.npy
C:\Users\root\Desktop\class\math model\dataset\源域数据集\DE\12kHz OR\OR021@6_0.mat,X234_DE_time,13,1796.0,image,C:\Users\root\Desktop\class\math model\dataset_tensors\DE\12kHz OR\OR021@6_0_X234_DE_time_imgs.npy
C:\Users\root\Desktop\class\math model\dataset\源域数据集\DE\12kHz OR\OR021@6_0.mat,X234_FE_time,13,1796.0,image,C:\Users\root\Desktop\class\math model\dataset_tensors\DE\12kHz OR\OR021@6_0_X234_FE_time_imgs.npy
C:\Users\root\Desktop\class\math model\dataset\源域数据集\DE\12kHz OR\OR021@6_0.mat,X234_BA_time,13,1796.0,image,C:\Users\root\Desktop\class\math model\dataset_tensors\DE\12kHz OR\OR021@6_0_X234_BA_time_imgs.npy
C:\Users\root\Desktop\class\math model\dataset\源域数据集\DE\12kHz OR\OR021@6_1.mat,X235_DE_time,13,1771.0,image,C:\Users\root\Desktop\class\math model\dataset_tensors\DE\12kHz OR\OR021@6_1_X235_DE_time_imgs.npy
C:\Users\root\Desktop\class\math model\dataset\源域数据集\DE\12kHz OR\OR021@6_1.mat,X235_FE_time,13,1771.0,image,C:\Users\root\Desktop\class\math model\dataset_tensors\DE\12kHz OR\OR021@6_1_X235_FE_time_imgs.npy
C:\Users\root\Desktop\class\math model\dataset\源域数据集\DE\12kHz OR\OR021@6_1.mat,X235_BA_time,13,1771.0,image,C:\Users\root\Desktop\class\math model\dataset_tensors\DE\12kHz OR\OR021@6_1_X235_BA_time_imgs.npy
C:\Users\root\Desktop\class\math model\dataset\源域数据集\DE\12kHz OR\OR021@6_2.mat,X236_DE_time,13,1748.0,image,C:\Users\root\Desktop\class\math model\dataset_tensors\DE\12kHz OR\OR021@6_2_X236_DE_time_imgs.npy
C:\Users\root\Desktop\class\math model\dataset\源域数据集\DE\12kHz OR\OR021@6_2.mat,X236_FE_time,13,1748.0,image,C:\Users\root\Desktop\class\math model\dataset_tensors\DE\12kHz OR\OR021@6_2_X236_FE_time_imgs.npy
C:\Users\root\Desktop\class\math model\dataset\源域数据集\DE\12kHz OR\OR021@6_2.mat,X236_BA_time,13,1748.0,image,C:\Users\root\Desktop\class\math model\dataset_tensors\DE\12kHz OR\OR021@6_2_X236_BA_time_imgs.npy
C:\Users\root\Desktop\class\math model\dataset\源域数据集\DE\12kHz OR\OR021@6_3.mat,X237_DE_time,13,1721.0,image,C:\Users\root\Desktop\class\math model\dataset_tensors\DE\12kHz OR\OR021@6_3_X237_DE_time_imgs.npy
C:\Users\root\Desktop\class\math model\dataset\源域数据集\DE\12kHz OR\OR021@6_3.mat,X237_FE_time,13,1721.0,image,C:\Users\root\Desktop\class\math model\dataset_tensors\DE\12kHz OR\OR021@6_3_X237_FE_time_imgs.npy
C:\Users\root\Desktop\class\math model\dataset\源域数据集\DE\12kHz OR\OR021@6_3.mat,X237_BA_time,13,1721.0,image,C:\Users\root\Desktop\class\math model\dataset_tensors\DE\12kHz OR\OR021@6_3_X237_BA_time_imgs.npy
C:\Users\root\Desktop\class\math model\dataset\源域数据集\DE\48kHz B\B007_0.mat,X122_DE_time,6,1796.0,image,C:\Users\root\Desktop\class\math model\dataset_tensors\DE\48kHz B\B007_0_X122_DE_time_imgs.npy
C:\Users\root\Desktop\class\math model\dataset\源域数据集\DE\48kHz B\B007_0.mat,X122_FE_time,6,1796.0,image,C:\Users\root\Desktop\class\math model\dataset_tensors\DE\48kHz B\B007_0_X122_FE_time_imgs.npy
C:\Users\root\Desktop\class\math model\dataset\源域数据集\DE\48kHz B\B007_1.mat,X123_DE_time,6,1772.0,image,C:\Users\root\Desktop\class\math model\dataset_tensors\DE\48kHz B\B007_1_X123_DE_time_imgs.npy
C:\Users\root\Desktop\class\math model\dataset\源域数据集\DE\48kHz B\B007_1.mat,X123_FE_time,6,1772.0,image,C:\Users\root\Desktop\class\math model\dataset_tensors\DE\48kHz B\B007_1_X123_FE_time_imgs.npy
C:\Users\root\Desktop\class\math model\dataset\源域数据集\DE\48kHz B\B007_2.mat,X124_DE_time,6,1747.0,image,C:\Users\root\Desktop\class\math model\dataset_tensors\DE\48kHz B\B007_2_X124_DE_time_imgs.npy
C:\Users\root\Desktop\class\math model\dataset\源域数据集\DE\48kHz B\B007_2.mat,X124_FE_time,6,1747.0,image,C:\Users\root\Desktop\class\math model\dataset_tensors\DE\48kHz B\B007_2_X124_FE_time_imgs.npy
C:\Users\root\Desktop\class\math model\dataset\源域数据集\DE\48kHz B\B007_3.mat,X125_DE_time,6,1721.0,image,C:\Users\root\Desktop\class\math model\dataset_tensors\DE\48kHz B\B007_3_X125_DE_time_imgs.npy
C:\Users\root\Desktop\class\math model\dataset\源域数据集\DE\48kHz B\B007_3.mat,X125_FE_time,6,1721.0,image,C:\Users\root\Desktop\class\math model\dataset_tensors\DE\48kHz B\B007_3_X125_FE_time_imgs.npy
C:\Users\root\Desktop\class\math model\dataset\源域数据集\DE\48kHz B\B014_0.mat,X189_DE_time,6,1797.0,image,C:\Users\root\Desktop\class\math model\dataset_tensors\DE\48kHz B\B014_0_X189_DE_time_imgs.npy
C:\Users\root\Desktop\class\math model\dataset\源域数据集\DE\48kHz B\B014_0.mat,X189_FE_time,6,1797.0,image,C:\Users\root\Desktop\class\math model\dataset_tensors\DE\48kHz B\B014_0_X189_FE_time_imgs.npy
C:\Users\root\Desktop\class\math model\dataset\源域数据集\DE\48kHz B\B014_1.mat,X190_DE_time,6,1772.0,image,C:\Users\root\Desktop\class\math model\dataset_tensors\DE\48kHz B\B014_1_X190_DE_time_imgs.npy
C:\Users\root\Desktop\class\math model\dataset\源域数据集\DE\48kHz B\B014_1.mat,X190_FE_time,6,1772.0,image,C:\Users\root\Desktop\class\math model\dataset_tensors\DE\48kHz B\B014_1_X190_FE_time_imgs.npy
C:\Users\root\Desktop\class\math model\dataset\源域数据集\DE\48kHz B\B014_2.mat,X191_DE_time,6,1748.0,image,C:\Users\root\Desktop\class\math model\dataset_tensors\DE\48kHz B\B014_2_X191_DE_time_imgs.npy
C:\Users\root\Desktop\class\math model\dataset\源域数据集\DE\48kHz B\B014_2.mat,X191_FE_time,6,1748.0,image,C:\Users\root\Desktop\class\math model\dataset_tensors\DE\48kHz B\B014_2_X191_FE_time_imgs.npy
C:\Users\root\Desktop\class\math model\dataset\源域数据集\DE\48kHz B\B014_3.mat,X192_DE_time,6,1725.0,image,C:\Users\root\Desktop\class\math model\dataset_tensors\DE\48kHz B\B014_3_X192_DE_time_imgs.npy
C:\Users\root\Desktop\class\math model\dataset\源域数据集\DE\48kHz B\B014_3.mat,X192_FE_time,6,1725.0,image,C:\Users\root\Desktop\class\math model\dataset_tensors\DE\48kHz B\B014_3_X192_FE_time_imgs.npy
C:\Users\root\Desktop\class\math model\dataset\源域数据集\DE\48kHz B\B021_0.mat,X226_DE_time,6,1797.0,image,C:\Users\root\Desktop\class\math model\dataset_tensors\DE\48kHz B\B021_0_X226_DE_time_imgs.npy
C:\Users\root\Desktop\class\math model\dataset\源域数据集\DE\48kHz B\B021_0.mat,X226_FE_time,6,1797.0,image,C:\Users\root\Desktop\class\math model\dataset_tensors\DE\48kHz B\B021_0_X226_FE_time_imgs.npy
C:\Users\root\Desktop\class\math model\dataset\源域数据集\DE\48kHz B\B021_1.mat,X227_DE_time,6,1774.0,image,C:\Users\root\Desktop\class\math model\dataset_tensors\DE\48kHz B\B021_1_X227_DE_time_imgs.npy
C:\Users\root\Desktop\class\math model\dataset\源域数据集\DE\48kHz B\B021_1.mat,X227_FE_time,6,1774.0,image,C:\Users\root\Desktop\class\math model\dataset_tensors\DE\48kHz B\B021_1_X227_FE_time_imgs.npy
C:\Users\root\Desktop\class\math model\dataset\源域数据集\DE\48kHz B\B021_2.mat,X228_DE_time,6,1754.0,image,C:\Users\root\Desktop\class\math model\dataset_tensors\DE\48kHz B\B021_2_X228_DE_time_imgs.npy
C:\Users\root\Desktop\class\math model\dataset\源域数据集\DE\48kHz B\B021_2.mat,X228_FE_time,6,1754.0,image,C:\Users\root\Desktop\class\math model\dataset_tensors\DE\48kHz B\B021_2_X228_FE_time_imgs.npy
C:\Users\root\Desktop\class\math model\dataset\源域数据集\DE\48kHz B\B021_3.mat,X229_DE_time,6,1729.0,image,C:\Users\root\Desktop\class\math model\dataset_tensors\DE\48kHz B\B021_3_X229_DE_time_imgs.npy
C:\Users\root\Desktop\class\math model\dataset\源域数据集\DE\48kHz B\B021_3.mat,X229_FE_time,6,1729.0,image,C:\Users\root\Desktop\class\math model\dataset_tensors\DE\48kHz B\B021_3_X229_FE_time_imgs.npy
C:\Users\root\Desktop\class\math model\dataset\源域数据集\DE\48kHz IR\IR007_0.mat,X109_DE_time,6,1796.0,image,C:\Users\root\Desktop\class\math model\dataset_tensors\DE\48kHz IR\IR007_0_X109_DE_time_imgs.npy
C:\Users\root\Desktop\class\math model\dataset\源域数据集\DE\48kHz IR\IR007_0.mat,X109_FE_time,6,1796.0,image,C:\Users\root\Desktop\class\math model\dataset_tensors\DE\48kHz IR\IR007_0_X109_FE_time_imgs.npy
C:\Users\root\Desktop\class\math model\dataset\源域数据集\DE\48kHz IR\IR007_1.mat,X110_DE_time,6,1772.0,image,C:\Users\root\Desktop\class\math model\dataset_tensors\DE\48kHz IR\IR007_1_X110_DE_time_imgs.npy
C:\Users\root\Desktop\class\math model\dataset\源域数据集\DE\48kHz IR\IR007_1.mat,X110_FE_time,6,1772.0,image,C:\Users\root\Desktop\class\math model\dataset_tensors\DE\48kHz IR\IR007_1_X110_FE_time_imgs.npy
C:\Users\root\Desktop\class\math model\dataset\源域数据集\DE\48kHz IR\IR007_2.mat,X111_DE_time,6,1748.0,image,C:\Users\root\Desktop\class\math model\dataset_tensors\DE\48kHz IR\IR007_2_X111_DE_time_imgs.npy
C:\Users\root\Desktop\class\math model\dataset\源域数据集\DE\48kHz IR\IR007_2.mat,X111_FE_time,6,1748.0,image,C:\Users\root\Desktop\class\math model\dataset_tensors\DE\48kHz IR\IR007_2_X111_FE_time_imgs.npy
C:\Users\root\Desktop\class\math model\dataset\源域数据集\DE\48kHz IR\IR007_3.mat,X112_DE_time,6,1721.0,image,C:\Users\root\Desktop\class\math model\dataset_tensors\DE\48kHz IR\IR007_3_X112_DE_time_imgs.npy
C:\Users\root\Desktop\class\math model\dataset\源域数据集\DE\48kHz IR\IR007_3.mat,X112_FE_time,6,1721.0,image,C:\Users\root\Desktop\class\math model\dataset_tensors\DE\48kHz IR\IR007_3_X112_FE_time_imgs.npy
C:\Users\root\Desktop\class\math model\dataset\源域数据集\DE\48kHz IR\IR014_0.mat,X173_DE_time,1,1796.0,image,C:\Users\root\Desktop\class\math model\dataset_tensors\DE\48kHz IR\IR014_0_X173_DE_time_imgs.npy
C:\Users\root\Desktop\class\math model\dataset\源域数据集\DE\48kHz IR\IR014_0.mat,X173_FE_time,1,1796.0,image,C:\Users\root\Desktop\class\math model\dataset_tensors\DE\48kHz IR\IR014_0_X173_FE_time_imgs.npy
C:\Users\root\Desktop\class\math model\dataset\源域数据集\DE\48kHz IR\IR014_1.mat,X175_DE_time,6,1772.0,image,C:\Users\root\Desktop\class\math model\dataset_tensors\DE\48kHz IR\IR014_1_X175_DE_time_imgs.npy
C:\Users\root\Desktop\class\math model\dataset\源域数据集\DE\48kHz IR\IR014_1.mat,X175_FE_time,6,1772.0,image,C:\Users\root\Desktop\class\math model\dataset_tensors\DE\48kHz IR\IR014_1_X175_FE_time_imgs.npy
C:\Users\root\Desktop\class\math model\dataset\源域数据集\DE\48kHz IR\IR014_2.mat,X176_DE_time,6,1751.0,image,C:\Users\root\Desktop\class\math model\dataset_tensors\DE\48kHz IR\IR014_2_X176_DE_time_imgs.npy
C:\Users\root\Desktop\class\math model\dataset\源域数据集\DE\48kHz IR\IR014_2.mat,X176_FE_time,6,1751.0,image,C:\Users\root\Desktop\class\math model\dataset_tensors\DE\48kHz IR\IR014_2_X176_FE_time_imgs.npy
C:\Users\root\Desktop\class\math model\dataset\源域数据集\DE\48kHz IR\IR014_3.mat,X177_DE_time,6,1726.0,image,C:\Users\root\Desktop\class\math model\dataset_tensors\DE\48kHz IR\IR014_3_X177_DE_time_imgs.npy
C:\Users\root\Desktop\class\math model\dataset\源域数据集\DE\48kHz IR\IR014_3.mat,X177_FE_time,6,1726.0,image,C:\Users\root\Desktop\class\math model\dataset_tensors\DE\48kHz IR\IR014_3_X177_FE_time_imgs.npy
C:\Users\root\Desktop\class\math model\dataset\源域数据集\DE\48kHz IR\IR021_0.mat,X213_DE_time,6,1796.0,image,C:\Users\root\Desktop\class\math model\dataset_tensors\DE\48kHz IR\IR021_0_X213_DE_time_imgs.npy
C:\Users\root\Desktop\class\math model\dataset\源域数据集\DE\48kHz IR\IR021_0.mat,X213_FE_time,6,1796.0,image,C:\Users\root\Desktop\class\math model\dataset_tensors\DE\48kHz IR\IR021_0_X213_FE_time_imgs.npy
C:\Users\root\Desktop\class\math model\dataset\源域数据集\DE\48kHz IR\IR021_1.mat,X214_DE_time,6,1774.0,image,C:\Users\root\Desktop\class\math model\dataset_tensors\DE\48kHz IR\IR021_1_X214_DE_time_imgs.npy
C:\Users\root\Desktop\class\math model\dataset\源域数据集\DE\48kHz IR\IR021_1.mat,X214_FE_time,6,1774.0,image,C:\Users\root\Desktop\class\math model\dataset_tensors\DE\48kHz IR\IR021_1_X214_FE_time_imgs.npy
C:\Users\root\Desktop\class\math model\dataset\源域数据集\DE\48kHz IR\IR021_2.mat,X215_DE_time,6,1752.0,image,C:\Users\root\Desktop\class\math model\dataset_tensors\DE\48kHz IR\IR021_2_X215_DE_time_imgs.npy
C:\Users\root\Desktop\class\math model\dataset\源域数据集\DE\48kHz IR\IR021_2.mat,X215_FE_time,6,1752.0,image,C:\Users\root\Desktop\class\math model\dataset_tensors\DE\48kHz IR\IR021_2_X215_FE_time_imgs.npy
C:\Users\root\Desktop\class\math model\dataset\源域数据集\DE\48kHz IR\IR021_3.mat,X217_DE_time,6,1727.0,image,C:\Users\root\Desktop\class\math model\dataset_tensors\DE\48kHz IR\IR021_3_X217_DE_time_imgs.npy
C:\Users\root\Desktop\class\math model\dataset\源域数据集\DE\48kHz IR\IR021_3.mat,X217_FE_time,6,1727.0,image,C:\Users\root\Desktop\class\math model\dataset_tensors\DE\48kHz IR\IR021_3_X217_FE_time_imgs.npy
C:\Users\root\Desktop\class\math model\dataset\源域数据集\DE\48kHz OR\OR007@12_0.mat,X161_DE_time,4,1796.0,image,C:\Users\root\Desktop\class\math model\dataset_tensors\DE\48kHz OR\OR007@12_0_X161_DE_time_imgs.npy
C:\Users\root\Desktop\class\math model\dataset\源域数据集\DE\48kHz OR\OR007@12_0.mat,X161_FE_time,4,1796.0,image,C:\Users\root\Desktop\class\math model\dataset_tensors\DE\48kHz OR\OR007@12_0_X161_FE_time_imgs.npy
C:\Users\root\Desktop\class\math model\dataset\源域数据集\DE\48kHz OR\OR007@12_1.mat,X162_DE_time,6,1772.0,image,C:\Users\root\Desktop\class\math model\dataset_tensors\DE\48kHz OR\OR007@12_1_X162_DE_time_imgs.npy
C:\Users\root\Desktop\class\math model\dataset\源域数据集\DE\48kHz OR\OR007@12_1.mat,X162_FE_time,6,1772.0,image,C:\Users\root\Desktop\class\math model\dataset_tensors\DE\48kHz OR\OR007@12_1_X162_FE_time_imgs.npy
C:\Users\root\Desktop\class\math model\dataset\源域数据集\DE\48kHz OR\OR007@12_2.mat,X163_DE_time,6,1749.0,image,C:\Users\root\Desktop\class\math model\dataset_tensors\DE\48kHz OR\OR007@12_2_X163_DE_time_imgs.npy
C:\Users\root\Desktop\class\math model\dataset\源域数据集\DE\48kHz OR\OR007@12_2.mat,X163_FE_time,6,1749.0,image,C:\Users\root\Desktop\class\math model\dataset_tensors\DE\48kHz OR\OR007@12_2_X163_FE_time_imgs.npy
C:\Users\root\Desktop\class\math model\dataset\源域数据集\DE\48kHz OR\OR007@12_3.mat,X164_DE_time,6,1723.0,image,C:\Users\root\Desktop\class\math model\dataset_tensors\DE\48kHz OR\OR007@12_3_X164_DE_time_imgs.npy
C:\Users\root\Desktop\class\math model\dataset\源域数据集\DE\48kHz OR\OR007@12_3.mat,X164_FE_time,6,1723.0,image,C:\Users\root\Desktop\class\math model\dataset_tensors\DE\48kHz OR\OR007@12_3_X164_FE_time_imgs.npy
C:\Users\root\Desktop\class\math model\dataset\源域数据集\DE\48kHz OR\OR007@3_0.mat,X148_DE_time,3,1797.0,image,C:\Users\root\Desktop\class\math model\dataset_tensors\DE\48kHz OR\OR007@3_0_X148_DE_time_imgs.npy
C:\Users\root\Desktop\class\math model\dataset\源域数据集\DE\48kHz OR\OR007@3_0.mat,X148_FE_time,3,1797.0,image,C:\Users\root\Desktop\class\math model\dataset_tensors\DE\48kHz OR\OR007@3_0_X148_FE_time_imgs.npy
C:\Users\root\Desktop\class\math model\dataset\源域数据集\DE\48kHz OR\OR007@3_1.mat,X149_DE_time,6,1773.0,image,C:\Users\root\Desktop\class\math model\dataset_tensors\DE\48kHz OR\OR007@3_1_X149_DE_time_imgs.npy
C:\Users\root\Desktop\class\math model\dataset\源域数据集\DE\48kHz OR\OR007@3_1.mat,X149_FE_time,6,1773.0,image,C:\Users\root\Desktop\class\math model\dataset_tensors\DE\48kHz OR\OR007@3_1_X149_FE_time_imgs.npy
C:\Users\root\Desktop\class\math model\dataset\源域数据集\DE\48kHz OR\OR007@3_2.mat,X150_DE_time,6,1750.0,image,C:\Users\root\Desktop\class\math model\dataset_tensors\DE\48kHz OR\OR007@3_2_X150_DE_time_imgs.npy
C:\Users\root\Desktop\class\math model\dataset\源域数据集\DE\48kHz OR\OR007@3_2.mat,X150_FE_time,6,1750.0,image,C:\Users\root\Desktop\class\math model\dataset_tensors\DE\48kHz OR\OR007@3_2_X150_FE_time_imgs.npy
C:\Users\root\Desktop\class\math model\dataset\源域数据集\DE\48kHz OR\OR007@3_3.mat,X151_DE_time,6,1724.0,image,C:\Users\root\Desktop\class\math model\dataset_tensors\DE\48kHz OR\OR007@3_3_X151_DE_time_imgs.npy
C:\Users\root\Desktop\class\math model\dataset\源域数据集\DE\48kHz OR\OR007@3_3.mat,X151_FE_time,6,1724.0,image,C:\Users\root\Desktop\class\math model\dataset_tensors\DE\48kHz OR\OR007@3_3_X151_FE_time_imgs.npy
C:\Users\root\Desktop\class\math model\dataset\源域数据集\DE\48kHz OR\OR007@6_0.mat,X135_DE_time,6,1796.0,image,C:\Users\root\Desktop\class\math model\dataset_tensors\DE\48kHz OR\OR007@6_0_X135_DE_time_imgs.npy
C:\Users\root\Desktop\class\math model\dataset\源域数据集\DE\48kHz OR\OR007@6_0.mat,X135_FE_time,6,1796.0,image,C:\Users\root\Desktop\class\math model\dataset_tensors\DE\48kHz OR\OR007@6_0_X135_FE_time_imgs.npy
C:\Users\root\Desktop\class\math model\dataset\源域数据集\DE\48kHz OR\OR007@6_1.mat,X136_DE_time,6,1774.0,image,C:\Users\root\Desktop\class\math model\dataset_tensors\DE\48kHz OR\OR007@6_1_X136_DE_time_imgs.npy
C:\Users\root\Desktop\class\math model\dataset\源域数据集\DE\48kHz OR\OR007@6_1.mat,X136_FE_time,6,1774.0,image,C:\Users\root\Desktop\class\math model\dataset_tensors\DE\48kHz OR\OR007@6_1_X136_FE_time_imgs.npy
C:\Users\root\Desktop\class\math model\dataset\源域数据集\DE\48kHz OR\OR007@6_2.mat,X137_DE_time,6,1750.0,image,C:\Users\root\Desktop\class\math model\dataset_tensors\DE\48kHz OR\OR007@6_2_X137_DE_time_imgs.npy
C:\Users\root\Desktop\class\math model\dataset\源域数据集\DE\48kHz OR\OR007@6_2.mat,X137_FE_time,6,1750.0,image,C:\Users\root\Desktop\class\math model\dataset_tensors\DE\48kHz OR\OR007@6_2_X137_FE_time_imgs.npy
C:\Users\root\Desktop\class\math model\dataset\源域数据集\DE\48kHz OR\OR007@6_3.mat,X138_DE_time,6,1725.0,image,C:\Users\root\Desktop\class\math model\dataset_tensors\DE\48kHz OR\OR007@6_3_X138_DE_time_imgs.npy
C:\Users\root\Desktop\class\math model\dataset\源域数据集\DE\48kHz OR\OR007@6_3.mat,X138_FE_time,6,1725.0,image,C:\Users\root\Desktop\class\math model\dataset_tensors\DE\48kHz OR\OR007@6_3_X138_FE_time_imgs.npy
C:\Users\root\Desktop\class\math model\dataset\源域数据集\DE\48kHz OR\OR014@6_0.mat,X201_DE_time,6,1796.0,image,C:\Users\root\Desktop\class\math model\dataset_tensors\DE\48kHz OR\OR014@6_0_X201_DE_time_imgs.npy
C:\Users\root\Desktop\class\math model\dataset\源域数据集\DE\48kHz OR\OR014@6_0.mat,X201_FE_time,6,1796.0,image,C:\Users\root\Desktop\class\math model\dataset_tensors\DE\48kHz OR\OR014@6_0_X201_FE_time_imgs.npy
C:\Users\root\Desktop\class\math model\dataset\源域数据集\DE\48kHz OR\OR014@6_1.mat,X202_DE_time,6,1772.0,image,C:\Users\root\Desktop\class\math model\dataset_tensors\DE\48kHz OR\OR014@6_1_X202_DE_time_imgs.npy
C:\Users\root\Desktop\class\math model\dataset\源域数据集\DE\48kHz OR\OR014@6_1.mat,X202_FE_time,6,1772.0,image,C:\Users\root\Desktop\class\math model\dataset_tensors\DE\48kHz OR\OR014@6_1_X202_FE_time_imgs.npy
C:\Users\root\Desktop\class\math model\dataset\源域数据集\DE\48kHz OR\OR014@6_2.mat,X203_DE_time,6,1749.0,image,C:\Users\root\Desktop\class\math model\dataset_tensors\DE\48kHz OR\OR014@6_2_X203_DE_time_imgs.npy
C:\Users\root\Desktop\class\math model\dataset\源域数据集\DE\48kHz OR\OR014@6_2.mat,X203_FE_time,6,1749.0,image,C:\Users\root\Desktop\class\math model\dataset_tensors\DE\48kHz OR\OR014@6_2_X203_FE_time_imgs.npy
C:\Users\root\Desktop\class\math model\dataset\源域数据集\DE\48kHz OR\OR014@6_3.mat,X204_DE_time,6,1723.0,image,C:\Users\root\Desktop\class\math model\dataset_tensors\DE\48kHz OR\OR014@6_3_X204_DE_time_imgs.npy
C:\Users\root\Desktop\class\math model\dataset\源域数据集\DE\48kHz OR\OR014@6_3.mat,X204_FE_time,6,1723.0,image,C:\Users\root\Desktop\class\math model\dataset_tensors\DE\48kHz OR\OR014@6_3_X204_FE_time_imgs.npy
C:\Users\root\Desktop\class\math model\dataset\源域数据集\DE\48kHz OR\OR021@12_0.mat,X262_DE_time,4,1796.0,image,C:\Users\root\Desktop\class\math model\dataset_tensors\DE\48kHz OR\OR021@12_0_X262_DE_time_imgs.npy
C:\Users\root\Desktop\class\math model\dataset\源域数据集\DE\48kHz OR\OR021@12_0.mat,X262_FE_time,4,1796.0,image,C:\Users\root\Desktop\class\math model\dataset_tensors\DE\48kHz OR\OR021@12_0_X262_FE_time_imgs.npy
C:\Users\root\Desktop\class\math model\dataset\源域数据集\DE\48kHz OR\OR021@12_1.mat,X263_DE_time,6,1771.0,image,C:\Users\root\Desktop\class\math model\dataset_tensors\DE\48kHz OR\OR021@12_1_X263_DE_time_imgs.npy
C:\Users\root\Desktop\class\math model\dataset\源域数据集\DE\48kHz OR\OR021@12_1.mat,X263_FE_time,6,1771.0,image,C:\Users\root\Desktop\class\math model\dataset_tensors\DE\48kHz OR\OR021@12_1_X263_FE_time_imgs.npy
C:\Users\root\Desktop\class\math model\dataset\源域数据集\DE\48kHz OR\OR021@12_2.mat,X264_DE_time,6,1746.0,image,C:\Users\root\Desktop\class\math model\dataset_tensors\DE\48kHz OR\OR021@12_2_X264_DE_time_imgs.npy
C:\Users\root\Desktop\class\math model\dataset\源域数据集\DE\48kHz OR\OR021@12_2.mat,X264_FE_time,6,1746.0,image,C:\Users\root\Desktop\class\math model\dataset_tensors\DE\48kHz OR\OR021@12_2_X264_FE_time_imgs.npy
C:\Users\root\Desktop\class\math model\dataset\源域数据集\DE\48kHz OR\OR021@12_3.mat,X265_DE_time,6,1718.0,image,C:\Users\root\Desktop\class\math model\dataset_tensors\DE\48kHz OR\OR021@12_3_X265_DE_time_imgs.npy
C:\Users\root\Desktop\class\math model\dataset\源域数据集\DE\48kHz OR\OR021@12_3.mat,X265_FE_time,6,1718.0,image,C:\Users\root\Desktop\class\math model\dataset_tensors\DE\48kHz OR\OR021@12_3_X265_FE_time_imgs.npy
C:\Users\root\Desktop\class\math model\dataset\源域数据集\DE\48kHz OR\OR021@3_0.mat,X250_DE_time,4,1796.0,image,C:\Users\root\Desktop\class\math model\dataset_tensors\DE\48kHz OR\OR021@3_0_X250_DE_time_imgs.npy
C:\Users\root\Desktop\class\math model\dataset\源域数据集\DE\48kHz OR\OR021@3_0.mat,X250_FE_time,4,1796.0,image,C:\Users\root\Desktop\class\math model\dataset_tensors\DE\48kHz OR\OR021@3_0_X250_FE_time_imgs.npy
C:\Users\root\Desktop\class\math model\dataset\源域数据集\DE\48kHz OR\OR021@3_1.mat,X251_DE_time,6,1770.0,image,C:\Users\root\Desktop\class\math model\dataset_tensors\DE\48kHz OR\OR021@3_1_X251_DE_time_imgs.npy
C:\Users\root\Desktop\class\math model\dataset\源域数据集\DE\48kHz OR\OR021@3_1.mat,X251_FE_time,6,1770.0,image,C:\Users\root\Desktop\class\math model\dataset_tensors\DE\48kHz OR\OR021@3_1_X251_FE_time_imgs.npy
C:\Users\root\Desktop\class\math model\dataset\源域数据集\DE\48kHz OR\OR021@3_2.mat,X252_DE_time,6,1746.0,image,C:\Users\root\Desktop\class\math model\dataset_tensors\DE\48kHz OR\OR021@3_2_X252_DE_time_imgs.npy
C:\Users\root\Desktop\class\math model\dataset\源域数据集\DE\48kHz OR\OR021@3_2.mat,X252_FE_time,6,1746.0,image,C:\Users\root\Desktop\class\math model\dataset_tensors\DE\48kHz OR\OR021@3_2_X252_FE_time_imgs.npy
C:\Users\root\Desktop\class\math model\dataset\源域数据集\DE\48kHz OR\OR021@3_3.mat,X253_DE_time,6,1719.0,image,C:\Users\root\Desktop\class\math model\dataset_tensors\DE\48kHz OR\OR021@3_3_X253_DE_time_imgs.npy
C:\Users\root\Desktop\class\math model\dataset\源域数据集\DE\48kHz OR\OR021@3_3.mat,X253_FE_time,6,1719.0,image,C:\Users\root\Desktop\class\math model\dataset_tensors\DE\48kHz OR\OR021@3_3_X253_FE_time_imgs.npy
C:\Users\root\Desktop\class\math model\dataset\源域数据集\DE\48kHz OR\OR021@6_0.mat,X238_DE_time,6,1796.0,image,C:\Users\root\Desktop\class\math model\dataset_tensors\DE\48kHz OR\OR021@6_0_X238_DE_time_imgs.npy
C:\Users\root\Desktop\class\math model\dataset\源域数据集\DE\48kHz OR\OR021@6_0.mat,X238_FE_time,6,1796.0,image,C:\Users\root\Desktop\class\math model\dataset_tensors\DE\48kHz OR\OR021@6_0_X238_FE_time_imgs.npy
C:\Users\root\Desktop\class\math model\dataset\源域数据集\DE\48kHz OR\OR021@6_1.mat,X239_DE_time,6,1771.0,image,C:\Users\root\Desktop\class\math model\dataset_tensors\DE\48kHz OR\OR021@6_1_X239_DE_time_imgs.npy
C:\Users\root\Desktop\class\math model\dataset\源域数据集\DE\48kHz OR\OR021@6_1.mat,X239_FE_time,6,1771.0,image,C:\Users\root\Desktop\class\math model\dataset_tensors\DE\48kHz OR\OR021@6_1_X239_FE_time_imgs.npy
C:\Users\root\Desktop\class\math model\dataset\源域数据集\DE\48kHz OR\OR021@6_2.mat,X240_DE_time,6,1747.0,image,C:\Users\root\Desktop\class\math model\dataset_tensors\DE\48kHz OR\OR021@6_2_X240_DE_time_imgs.npy
C:\Users\root\Desktop\class\math model\dataset\源域数据集\DE\48kHz OR\OR021@6_2.mat,X240_FE_time,6,1747.0,image,C:\Users\root\Desktop\class\math model\dataset_tensors\DE\48kHz OR\OR021@6_2_X240_FE_time_imgs.npy
C:\Users\root\Desktop\class\math model\dataset\源域数据集\DE\48kHz OR\OR021@6_3.mat,X241_DE_time,6,1719.0,image,C:\Users\root\Desktop\class\math model\dataset_tensors\DE\48kHz OR\OR021@6_3_X241_DE_time_imgs.npy
C:\Users\root\Desktop\class\math model\dataset\源域数据集\DE\48kHz OR\OR021@6_3.mat,X241_FE_time,6,1719.0,image,C:\Users\root\Desktop\class\math model\dataset_tensors\DE\48kHz OR\OR021@6_3_X241_FE_time_imgs.npy
C:\Users\root\Desktop\class\math model\dataset\源域数据集\FE\12kHz B\B007_0.mat,X282_DE_time,13,1798.0,image,C:\Users\root\Desktop\class\math model\dataset_tensors\FE\12kHz B\B007_0_X282_DE_time_imgs.npy
C:\Users\root\Desktop\class\math model\dataset\源域数据集\FE\12kHz B\B007_0.mat,X282_FE_time,13,1798.0,image,C:\Users\root\Desktop\class\math model\dataset_tensors\FE\12kHz B\B007_0_X282_FE_time_imgs.npy
C:\Users\root\Desktop\class\math model\dataset\源域数据集\FE\12kHz B\B007_0.mat,X282_BA_time,13,1798.0,image,C:\Users\root\Desktop\class\math model\dataset_tensors\FE\12kHz B\B007_0_X282_BA_time_imgs.npy
C:\Users\root\Desktop\class\math model\dataset\源域数据集\FE\12kHz B\B007_1.mat,X283_DE_time,13,1777.0,image,C:\Users\root\Desktop\class\math model\dataset_tensors\FE\12kHz B\B007_1_X283_DE_time_imgs.npy
C:\Users\root\Desktop\class\math model\dataset\源域数据集\FE\12kHz B\B007_1.mat,X283_FE_time,13,1777.0,image,C:\Users\root\Desktop\class\math model\dataset_tensors\FE\12kHz B\B007_1_X283_FE_time_imgs.npy
C:\Users\root\Desktop\class\math model\dataset\源域数据集\FE\12kHz B\B007_1.mat,X283_BA_time,13,1777.0,image,C:\Users\root\Desktop\class\math model\dataset_tensors\FE\12kHz B\B007_1_X283_BA_time_imgs.npy
C:\Users\root\Desktop\class\math model\dataset\源域数据集\FE\12kHz B\B007_2.mat,X284_DE_time,13,1755.0,image,C:\Users\root\Desktop\class\math model\dataset_tensors\FE\12kHz B\B007_2_X284_DE_time_imgs.npy
C:\Users\root\Desktop\class\math model\dataset\源域数据集\FE\12kHz B\B007_2.mat,X284_FE_time,13,1755.0,image,C:\Users\root\Desktop\class\math model\dataset_tensors\FE\12kHz B\B007_2_X284_FE_time_imgs.npy
C:\Users\root\Desktop\class\math model\dataset\源域数据集\FE\12kHz B\B007_2.mat,X284_BA_time,13,1755.0,image,C:\Users\root\Desktop\class\math model\dataset_tensors\FE\12kHz B\B007_2_X284_BA_time_imgs.npy
C:\Users\root\Desktop\class\math model\dataset\源域数据集\FE\12kHz B\B007_3.mat,X285_DE_time,13,1732.0,image,C:\Users\root\Desktop\class\math model\dataset_tensors\FE\12kHz B\B007_3_X285_DE_time_imgs.npy
C:\Users\root\Desktop\class\math model\dataset\源域数据集\FE\12kHz B\B007_3.mat,X285_FE_time,13,1732.0,image,C:\Users\root\Desktop\class\math model\dataset_tensors\FE\12kHz B\B007_3_X285_FE_time_imgs.npy
C:\Users\root\Desktop\class\math model\dataset\源域数据集\FE\12kHz B\B007_3.mat,X285_BA_time,13,1732.0,image,C:\Users\root\Desktop\class\math model\dataset_tensors\FE\12kHz B\B007_3_X285_BA_time_imgs.npy
C:\Users\root\Desktop\class\math model\dataset\源域数据集\FE\12kHz B\B014_0.mat,X286_DE_time,13,1796.0,image,C:\Users\root\Desktop\class\math model\dataset_tensors\FE\12kHz B\B014_0_X286_DE_time_imgs.npy
C:\Users\root\Desktop\class\math model\dataset\源域数据集\FE\12kHz B\B014_0.mat,X286_FE_time,13,1796.0,image,C:\Users\root\Desktop\class\math model\dataset_tensors\FE\12kHz B\B014_0_X286_FE_time_imgs.npy
C:\Users\root\Desktop\class\math model\dataset\源域数据集\FE\12kHz B\B014_0.mat,X286_BA_time,13,1796.0,image,C:\Users\root\Desktop\class\math model\dataset_tensors\FE\12kHz B\B014_0_X286_BA_time_imgs.npy
C:\Users\root\Desktop\class\math model\dataset\源域数据集\FE\12kHz B\B014_1.mat,X287_DE_time,13,1775.0,image,C:\Users\root\Desktop\class\math model\dataset_tensors\FE\12kHz B\B014_1_X287_DE_time_imgs.npy
C:\Users\root\Desktop\class\math model\dataset\源域数据集\FE\12kHz B\B014_1.mat,X287_FE_time,13,1775.0,image,C:\Users\root\Desktop\class\math model\dataset_tensors\FE\12kHz B\B014_1_X287_FE_time_imgs.npy
C:\Users\root\Desktop\class\math model\dataset\源域数据集\FE\12kHz B\B014_1.mat,X287_BA_time,13,1775.0,image,C:\Users\root\Desktop\class\math model\dataset_tensors\FE\12kHz B\B014_1_X287_BA_time_imgs.npy
C:\Users\root\Desktop\class\math model\dataset\源域数据集\FE\12kHz B\B014_2.mat,X288_DE_time,13,1755.0,image,C:\Users\root\Desktop\class\math model\dataset_tensors\FE\12kHz B\B014_2_X288_DE_time_imgs.npy
C:\Users\root\Desktop\class\math model\dataset\源域数据集\FE\12kHz B\B014_2.mat,X288_FE_time,13,1755.0,image,C:\Users\root\Desktop\class\math model\dataset_tensors\FE\12kHz B\B014_2_X288_FE_time_imgs.npy
C:\Users\root\Desktop\class\math model\dataset\源域数据集\FE\12kHz B\B014_2.mat,X288_BA_time,13,1755.0,image,C:\Users\root\Desktop\class\math model\dataset_tensors\FE\12kHz B\B014_2_X288_BA_time_imgs.npy
C:\Users\root\Desktop\class\math model\dataset\源域数据集\FE\12kHz B\B014_3.mat,X289_DE_time,13,1732.0,image,C:\Users\root\Desktop\class\math model\dataset_tensors\FE\12kHz B\B014_3_X289_DE_time_imgs.npy
C:\Users\root\Desktop\class\math model\dataset\源域数据集\FE\12kHz B\B014_3.mat,X289_FE_time,13,1732.0,image,C:\Users\root\Desktop\class\math model\dataset_tensors\FE\12kHz B\B014_3_X289_FE_time_imgs.npy
C:\Users\root\Desktop\class\math model\dataset\源域数据集\FE\12kHz B\B014_3.mat,X289_BA_time,13,1732.0,image,C:\Users\root\Desktop\class\math model\dataset_tensors\FE\12kHz B\B014_3_X289_BA_time_imgs.npy
C:\Users\root\Desktop\class\math model\dataset\源域数据集\FE\12kHz B\B021_0.mat,X290_DE_time,13,1796.0,image,C:\Users\root\Desktop\class\math model\dataset_tensors\FE\12kHz B\B021_0_X290_DE_time_imgs.npy
C:\Users\root\Desktop\class\math model\dataset\源域数据集\FE\12kHz B\B021_0.mat,X290_FE_time,13,1796.0,image,C:\Users\root\Desktop\class\math model\dataset_tensors\FE\12kHz B\B021_0_X290_FE_time_imgs.npy
C:\Users\root\Desktop\class\math model\dataset\源域数据集\FE\12kHz B\B021_0.mat,X290_BA_time,13,1796.0,image,C:\Users\root\Desktop\class\math model\dataset_tensors\FE\12kHz B\B021_0_X290_BA_time_imgs.npy
C:\Users\root\Desktop\class\math model\dataset\源域数据集\FE\12kHz B\B021_1.mat,X291_DE_time,13,1775.0,image,C:\Users\root\Desktop\class\math model\dataset_tensors\FE\12kHz B\B021_1_X291_DE_time_imgs.npy
C:\Users\root\Desktop\class\math model\dataset\源域数据集\FE\12kHz B\B021_1.mat,X291_FE_time,13,1775.0,image,C:\Users\root\Desktop\class\math model\dataset_tensors\FE\12kHz B\B021_1_X291_FE_time_imgs.npy
C:\Users\root\Desktop\class\math model\dataset\源域数据集\FE\12kHz B\B021_1.mat,X291_BA_time,13,1775.0,image,C:\Users\root\Desktop\class\math model\dataset_tensors\FE\12kHz B\B021_1_X291_BA_time_imgs.npy
C:\Users\root\Desktop\class\math model\dataset\源域数据集\FE\12kHz B\B021_2.mat,X292_DE_time,13,1756.0,image,C:\Users\root\Desktop\class\math model\dataset_tensors\FE\12kHz B\B021_2_X292_DE_time_imgs.npy
C:\Users\root\Desktop\class\math model\dataset\源域数据集\FE\12kHz B\B021_2.mat,X292_FE_time,13,1756.0,image,C:\Users\root\Desktop\class\math model\dataset_tensors\FE\12kHz B\B021_2_X292_FE_time_imgs.npy
C:\Users\root\Desktop\class\math model\dataset\源域数据集\FE\12kHz B\B021_2.mat,X292_BA_time,13,1756.0,image,C:\Users\root\Desktop\class\math model\dataset_tensors\FE\12kHz B\B021_2_X292_BA_time_imgs.npy
C:\Users\root\Desktop\class\math model\dataset\源域数据集\FE\12kHz B\B021_3.mat,X293_DE_time,13,1734.0,image,C:\Users\root\Desktop\class\math model\dataset_tensors\FE\12kHz B\B021_3_X293_DE_time_imgs.npy
C:\Users\root\Desktop\class\math model\dataset\源域数据集\FE\12kHz B\B021_3.mat,X293_FE_time,13,1734.0,image,C:\Users\root\Desktop\class\math model\dataset_tensors\FE\12kHz B\B021_3_X293_FE_time_imgs.npy
C:\Users\root\Desktop\class\math model\dataset\源域数据集\FE\12kHz B\B021_3.mat,X293_BA_time,13,1734.0,image,C:\Users\root\Desktop\class\math model\dataset_tensors\FE\12kHz B\B021_3_X293_BA_time_imgs.npy
C:\Users\root\Desktop\class\math model\dataset\源域数据集\FE\12kHz IR\IR007_0.mat,X278_DE_time,13,1796.0,image,C:\Users\root\Desktop\class\math model\dataset_tensors\FE\12kHz IR\IR007_0_X278_DE_time_imgs.npy
C:\Users\root\Desktop\class\math model\dataset\源域数据集\FE\12kHz IR\IR007_0.mat,X278_FE_time,13,1796.0,image,C:\Users\root\Desktop\class\math model\dataset_tensors\FE\12kHz IR\IR007_0_X278_FE_time_imgs.npy
C:\Users\root\Desktop\class\math model\dataset\源域数据集\FE\12kHz IR\IR007_0.mat,X278_BA_time,13,1796.0,image,C:\Users\root\Desktop\class\math model\dataset_tensors\FE\12kHz IR\IR007_0_X278_BA_time_imgs.npy
C:\Users\root\Desktop\class\math model\dataset\源域数据集\FE\12kHz IR\IR007_1.mat,X279_DE_time,13,1772.0,image,C:\Users\root\Desktop\class\math model\dataset_tensors\FE\12kHz IR\IR007_1_X279_DE_time_imgs.npy
C:\Users\root\Desktop\class\math model\dataset\源域数据集\FE\12kHz IR\IR007_1.mat,X279_FE_time,13,1772.0,image,C:\Users\root\Desktop\class\math model\dataset_tensors\FE\12kHz IR\IR007_1_X279_FE_time_imgs.npy
C:\Users\root\Desktop\class\math model\dataset\源域数据集\FE\12kHz IR\IR007_1.mat,X279_BA_time,13,1772.0,image,C:\Users\root\Desktop\class\math model\dataset_tensors\FE\12kHz IR\IR007_1_X279_BA_time_imgs.npy
C:\Users\root\Desktop\class\math model\dataset\源域数据集\FE\12kHz IR\IR007_2.mat,X280_DE_time,13,1755.0,image,C:\Users\root\Desktop\class\math model\dataset_tensors\FE\12kHz IR\IR007_2_X280_DE_time_imgs.npy
C:\Users\root\Desktop\class\math model\dataset\源域数据集\FE\12kHz IR\IR007_2.mat,X280_FE_time,13,1755.0,image,C:\Users\root\Desktop\class\math model\dataset_tensors\FE\12kHz IR\IR007_2_X280_FE_time_imgs.npy
C:\Users\root\Desktop\class\math model\dataset\源域数据集\FE\12kHz IR\IR007_2.mat,X280_BA_time,13,1755.0,image,C:\Users\root\Desktop\class\math model\dataset_tensors\FE\12kHz IR\IR007_2_X280_BA_time_imgs.npy
C:\Users\root\Desktop\class\math model\dataset\源域数据集\FE\12kHz IR\IR007_3.mat,X281_DE_time,13,1732.0,image,C:\Users\root\Desktop\class\math model\dataset_tensors\FE\12kHz IR\IR007_3_X281_DE_time_imgs.npy
C:\Users\root\Desktop\class\math model\dataset\源域数据集\FE\12kHz IR\IR007_3.mat,X281_FE_time,13,1732.0,image,C:\Users\root\Desktop\class\math model\dataset_tensors\FE\12kHz IR\IR007_3_X281_FE_time_imgs.npy
C:\Users\root\Desktop\class\math model\dataset\源域数据集\FE\12kHz IR\IR007_3.mat,X281_BA_time,13,1732.0,image,C:\Users\root\Desktop\class\math model\dataset_tensors\FE\12kHz IR\IR007_3_X281_BA_time_imgs.npy
C:\Users\root\Desktop\class\math model\dataset\源域数据集\FE\12kHz IR\IR014_0.mat,X274_DE_time,13,1796.0,image,C:\Users\root\Desktop\class\math model\dataset_tensors\FE\12kHz IR\IR014_0_X274_DE_time_imgs.npy
C:\Users\root\Desktop\class\math model\dataset\源域数据集\FE\12kHz IR\IR014_0.mat,X274_FE_time,13,1796.0,image,C:\Users\root\Desktop\class\math model\dataset_tensors\FE\12kHz IR\IR014_0_X274_FE_time_imgs.npy
C:\Users\root\Desktop\class\math model\dataset\源域数据集\FE\12kHz IR\IR014_0.mat,X274_BA_time,13,1796.0,image,C:\Users\root\Desktop\class\math model\dataset_tensors\FE\12kHz IR\IR014_0_X274_BA_time_imgs.npy
C:\Users\root\Desktop\class\math model\dataset\源域数据集\FE\12kHz IR\IR014_1.mat,X275_DE_time,13,1775.0,image,C:\Users\root\Desktop\class\math model\dataset_tensors\FE\12kHz IR\IR014_1_X275_DE_time_imgs.npy
C:\Users\root\Desktop\class\math model\dataset\源域数据集\FE\12kHz IR\IR014_1.mat,X275_FE_time,13,1775.0,image,C:\Users\root\Desktop\class\math model\dataset_tensors\FE\12kHz IR\IR014_1_X275_FE_time_imgs.npy
C:\Users\root\Desktop\class\math model\dataset\源域数据集\FE\12kHz IR\IR014_1.mat,X275_BA_time,13,1775.0,image,C:\Users\root\Desktop\class\math model\dataset_tensors\FE\12kHz IR\IR014_1_X275_BA_time_imgs.npy
C:\Users\root\Desktop\class\math model\dataset\源域数据集\FE\12kHz IR\IR014_2.mat,X276_DE_time,13,1755.0,image,C:\Users\root\Desktop\class\math model\dataset_tensors\FE\12kHz IR\IR014_2_X276_DE_time_imgs.npy
C:\Users\root\Desktop\class\math model\dataset\源域数据集\FE\12kHz IR\IR014_2.mat,X276_FE_time,13,1755.0,image,C:\Users\root\Desktop\class\math model\dataset_tensors\FE\12kHz IR\IR014_2_X276_FE_time_imgs.npy
C:\Users\root\Desktop\class\math model\dataset\源域数据集\FE\12kHz IR\IR014_2.mat,X276_BA_time,13,1755.0,image,C:\Users\root\Desktop\class\math model\dataset_tensors\FE\12kHz IR\IR014_2_X276_BA_time_imgs.npy
C:\Users\root\Desktop\class\math model\dataset\源域数据集\FE\12kHz IR\IR014_3.mat,X277_DE_time,13,1733.0,image,C:\Users\root\Desktop\class\math model\dataset_tensors\FE\12kHz IR\IR014_3_X277_DE_time_imgs.npy
C:\Users\root\Desktop\class\math model\dataset\源域数据集\FE\12kHz IR\IR014_3.mat,X277_FE_time,13,1733.0,image,C:\Users\root\Desktop\class\math model\dataset_tensors\FE\12kHz IR\IR014_3_X277_FE_time_imgs.npy
C:\Users\root\Desktop\class\math model\dataset\源域数据集\FE\12kHz IR\IR014_3.mat,X277_BA_time,13,1733.0,image,C:\Users\root\Desktop\class\math model\dataset_tensors\FE\12kHz IR\IR014_3_X277_BA_time_imgs.npy
C:\Users\root\Desktop\class\math model\dataset\源域数据集\FE\12kHz IR\IR021_0.mat,X270_DE_time,13,1796.0,image,C:\Users\root\Desktop\class\math model\dataset_tensors\FE\12kHz IR\IR021_0_X270_DE_time_imgs.npy
C:\Users\root\Desktop\class\math model\dataset\源域数据集\FE\12kHz IR\IR021_0.mat,X270_FE_time,13,1796.0,image,C:\Users\root\Desktop\class\math model\dataset_tensors\FE\12kHz IR\IR021_0_X270_FE_time_imgs.npy
C:\Users\root\Desktop\class\math model\dataset\源域数据集\FE\12kHz IR\IR021_0.mat,X270_BA_time,13,1796.0,image,C:\Users\root\Desktop\class\math model\dataset_tensors\FE\12kHz IR\IR021_0_X270_BA_time_imgs.npy
C:\Users\root\Desktop\class\math model\dataset\源域数据集\FE\12kHz IR\IR021_1.mat,X271_DE_time,13,1776.0,image,C:\Users\root\Desktop\class\math model\dataset_tensors\FE\12kHz IR\IR021_1_X271_DE_time_imgs.npy
C:\Users\root\Desktop\class\math model\dataset\源域数据集\FE\12kHz IR\IR021_1.mat,X271_FE_time,13,1776.0,image,C:\Users\root\Desktop\class\math model\dataset_tensors\FE\12kHz IR\IR021_1_X271_FE_time_imgs.npy
C:\Users\root\Desktop\class\math model\dataset\源域数据集\FE\12kHz IR\IR021_1.mat,X271_BA_time,13,1776.0,image,C:\Users\root\Desktop\class\math model\dataset_tensors\FE\12kHz IR\IR021_1_X271_BA_time_imgs.npy
C:\Users\root\Desktop\class\math model\dataset\源域数据集\FE\12kHz IR\IR021_2.mat,X272_DE_time,13,1758.0,image,C:\Users\root\Desktop\class\math model\dataset_tensors\FE\12kHz IR\IR021_2_X272_DE_time_imgs.npy
C:\Users\root\Desktop\class\math model\dataset\源域数据集\FE\12kHz IR\IR021_2.mat,X272_FE_time,13,1758.0,image,C:\Users\root\Desktop\class\math model\dataset_tensors\FE\12kHz IR\IR021_2_X272_FE_time_imgs.npy
C:\Users\root\Desktop\class\math model\dataset\源域数据集\FE\12kHz IR\IR021_2.mat,X272_BA_time,13,1758.0,image,C:\Users\root\Desktop\class\math model\dataset_tensors\FE\12kHz IR\IR021_2_X272_BA_time_imgs.npy
C:\Users\root\Desktop\class\math model\dataset\源域数据集\FE\12kHz IR\IR021_3.mat,X273_DE_time,13,1737.0,image,C:\Users\root\Desktop\class\math model\dataset_tensors\FE\12kHz IR\IR021_3_X273_DE_time_imgs.npy
C:\Users\root\Desktop\class\math model\dataset\源域数据集\FE\12kHz IR\IR021_3.mat,X273_FE_time,13,1737.0,image,C:\Users\root\Desktop\class\math model\dataset_tensors\FE\12kHz IR\IR021_3_X273_FE_time_imgs.npy
C:\Users\root\Desktop\class\math model\dataset\源域数据集\FE\12kHz IR\IR021_3.mat,X273_BA_time,13,1737.0,image,C:\Users\root\Desktop\class\math model\dataset_tensors\FE\12kHz IR\IR021_3_X273_BA_time_imgs.npy
C:\Users\root\Desktop\class\math model\dataset\源域数据集\FE\12kHz OR\OR007@12_0.mat,X302_DE_time,13,1797.0,image,C:\Users\root\Desktop\class\math model\dataset_tensors\FE\12kHz OR\OR007@12_0_X302_DE_time_imgs.npy
C:\Users\root\Desktop\class\math model\dataset\源域数据集\FE\12kHz OR\OR007@12_0.mat,X302_FE_time,13,1797.0,image,C:\Users\root\Desktop\class\math model\dataset_tensors\FE\12kHz OR\OR007@12_0_X302_FE_time_imgs.npy
C:\Users\root\Desktop\class\math model\dataset\源域数据集\FE\12kHz OR\OR007@12_0.mat,X302_BA_time,13,1797.0,image,C:\Users\root\Desktop\class\math model\dataset_tensors\FE\12kHz OR\OR007@12_0_X302_BA_time_imgs.npy
C:\Users\root\Desktop\class\math model\dataset\源域数据集\FE\12kHz OR\OR007@12_1.mat,X305_DE_time,13,1775.0,image,C:\Users\root\Desktop\class\math model\dataset_tensors\FE\12kHz OR\OR007@12_1_X305_DE_time_imgs.npy
C:\Users\root\Desktop\class\math model\dataset\源域数据集\FE\12kHz OR\OR007@12_1.mat,X305_FE_time,13,1775.0,image,C:\Users\root\Desktop\class\math model\dataset_tensors\FE\12kHz OR\OR007@12_1_X305_FE_time_imgs.npy
C:\Users\root\Desktop\class\math model\dataset\源域数据集\FE\12kHz OR\OR007@12_1.mat,X305_BA_time,13,1775.0,image,C:\Users\root\Desktop\class\math model\dataset_tensors\FE\12kHz OR\OR007@12_1_X305_BA_time_imgs.npy
C:\Users\root\Desktop\class\math model\dataset\源域数据集\FE\12kHz OR\OR007@12_2.mat,X306_DE_time,13,1755.0,image,C:\Users\root\Desktop\class\math model\dataset_tensors\FE\12kHz OR\OR007@12_2_X306_DE_time_imgs.npy
C:\Users\root\Desktop\class\math model\dataset\源域数据集\FE\12kHz OR\OR007@12_2.mat,X306_FE_time,13,1755.0,image,C:\Users\root\Desktop\class\math model\dataset_tensors\FE\12kHz OR\OR007@12_2_X306_FE_time_imgs.npy
C:\Users\root\Desktop\class\math model\dataset\源域数据集\FE\12kHz OR\OR007@12_2.mat,X306_BA_time,13,1755.0,image,C:\Users\root\Desktop\class\math model\dataset_tensors\FE\12kHz OR\OR007@12_2_X306_BA_time_imgs.npy
C:\Users\root\Desktop\class\math model\dataset\源域数据集\FE\12kHz OR\OR007@12_3.mat,X307_DE_time,13,1733.0,image,C:\Users\root\Desktop\class\math model\dataset_tensors\FE\12kHz OR\OR007@12_3_X307_DE_time_imgs.npy
C:\Users\root\Desktop\class\math model\dataset\源域数据集\FE\12kHz OR\OR007@12_3.mat,X307_FE_time,13,1733.0,image,C:\Users\root\Desktop\class\math model\dataset_tensors\FE\12kHz OR\OR007@12_3_X307_FE_time_imgs.npy
C:\Users\root\Desktop\class\math model\dataset\源域数据集\FE\12kHz OR\OR007@12_3.mat,X307_BA_time,13,1733.0,image,C:\Users\root\Desktop\class\math model\dataset_tensors\FE\12kHz OR\OR007@12_3_X307_BA_time_imgs.npy
C:\Users\root\Desktop\class\math model\dataset\源域数据集\FE\12kHz OR\OR007@3_0.mat,X298_DE_time,13,1797.0,image,C:\Users\root\Desktop\class\math model\dataset_tensors\FE\12kHz OR\OR007@3_0_X298_DE_time_imgs.npy
C:\Users\root\Desktop\class\math model\dataset\源域数据集\FE\12kHz OR\OR007@3_0.mat,X298_FE_time,13,1797.0,image,C:\Users\root\Desktop\class\math model\dataset_tensors\FE\12kHz OR\OR007@3_0_X298_FE_time_imgs.npy
C:\Users\root\Desktop\class\math model\dataset\源域数据集\FE\12kHz OR\OR007@3_0.mat,X298_BA_time,13,1797.0,image,C:\Users\root\Desktop\class\math model\dataset_tensors\FE\12kHz OR\OR007@3_0_X298_BA_time_imgs.npy
C:\Users\root\Desktop\class\math model\dataset\源域数据集\FE\12kHz OR\OR007@3_1.mat,X299_DE_time,13,1776.0,image,C:\Users\root\Desktop\class\math model\dataset_tensors\FE\12kHz OR\OR007@3_1_X299_DE_time_imgs.npy
C:\Users\root\Desktop\class\math model\dataset\源域数据集\FE\12kHz OR\OR007@3_1.mat,X299_FE_time,13,1776.0,image,C:\Users\root\Desktop\class\math model\dataset_tensors\FE\12kHz OR\OR007@3_1_X299_FE_time_imgs.npy
C:\Users\root\Desktop\class\math model\dataset\源域数据集\FE\12kHz OR\OR007@3_1.mat,X299_BA_time,13,1776.0,image,C:\Users\root\Desktop\class\math model\dataset_tensors\FE\12kHz OR\OR007@3_1_X299_BA_time_imgs.npy
C:\Users\root\Desktop\class\math model\dataset\源域数据集\FE\12kHz OR\OR007@3_2.mat,X300_DE_time,13,1755.0,image,C:\Users\root\Desktop\class\math model\dataset_tensors\FE\12kHz OR\OR007@3_2_X300_DE_time_imgs.npy
C:\Users\root\Desktop\class\math model\dataset\源域数据集\FE\12kHz OR\OR007@3_2.mat,X300_FE_time,13,1755.0,image,C:\Users\root\Desktop\class\math model\dataset_tensors\FE\12kHz OR\OR007@3_2_X300_FE_time_imgs.npy
C:\Users\root\Desktop\class\math model\dataset\源域数据集\FE\12kHz OR\OR007@3_2.mat,X300_BA_time,13,1755.0,image,C:\Users\root\Desktop\class\math model\dataset_tensors\FE\12kHz OR\OR007@3_2_X300_BA_time_imgs.npy
C:\Users\root\Desktop\class\math model\dataset\源域数据集\FE\12kHz OR\OR007@3_3.mat,X301_DE_time,13,1733.0,image,C:\Users\root\Desktop\class\math model\dataset_tensors\FE\12kHz OR\OR007@3_3_X301_DE_time_imgs.npy
C:\Users\root\Desktop\class\math model\dataset\源域数据集\FE\12kHz OR\OR007@3_3.mat,X301_FE_time,13,1733.0,image,C:\Users\root\Desktop\class\math model\dataset_tensors\FE\12kHz OR\OR007@3_3_X301_FE_time_imgs.npy
C:\Users\root\Desktop\class\math model\dataset\源域数据集\FE\12kHz OR\OR007@3_3.mat,X301_BA_time,13,1733.0,image,C:\Users\root\Desktop\class\math model\dataset_tensors\FE\12kHz OR\OR007@3_3_X301_BA_time_imgs.npy
C:\Users\root\Desktop\class\math model\dataset\源域数据集\FE\12kHz OR\OR007@6_0.mat,X294_DE_time,13,1797.0,image,C:\Users\root\Desktop\class\math model\dataset_tensors\FE\12kHz OR\OR007@6_0_X294_DE_time_imgs.npy
C:\Users\root\Desktop\class\math model\dataset\源域数据集\FE\12kHz OR\OR007@6_0.mat,X294_FE_time,13,1797.0,image,C:\Users\root\Desktop\class\math model\dataset_tensors\FE\12kHz OR\OR007@6_0_X294_FE_time_imgs.npy
C:\Users\root\Desktop\class\math model\dataset\源域数据集\FE\12kHz OR\OR007@6_0.mat,X294_BA_time,13,1797.0,image,C:\Users\root\Desktop\class\math model\dataset_tensors\FE\12kHz OR\OR007@6_0_X294_BA_time_imgs.npy
C:\Users\root\Desktop\class\math model\dataset\源域数据集\FE\12kHz OR\OR007@6_1.mat,X295_DE_time,13,1776.0,image,C:\Users\root\Desktop\class\math model\dataset_tensors\FE\12kHz OR\OR007@6_1_X295_DE_time_imgs.npy
C:\Users\root\Desktop\class\math model\dataset\源域数据集\FE\12kHz OR\OR007@6_1.mat,X295_FE_time,13,1776.0,image,C:\Users\root\Desktop\class\math model\dataset_tensors\FE\12kHz OR\OR007@6_1_X295_FE_time_imgs.npy
C:\Users\root\Desktop\class\math model\dataset\源域数据集\FE\12kHz OR\OR007@6_1.mat,X295_BA_time,13,1776.0,image,C:\Users\root\Desktop\class\math model\dataset_tensors\FE\12kHz OR\OR007@6_1_X295_BA_time_imgs.npy
C:\Users\root\Desktop\class\math model\dataset\源域数据集\FE\12kHz OR\OR007@6_2.mat,X296_DE_time,13,1756.0,image,C:\Users\root\Desktop\class\math model\dataset_tensors\FE\12kHz OR\OR007@6_2_X296_DE_time_imgs.npy
C:\Users\root\Desktop\class\math model\dataset\源域数据集\FE\12kHz OR\OR007@6_2.mat,X296_FE_time,13,1756.0,image,C:\Users\root\Desktop\class\math model\dataset_tensors\FE\12kHz OR\OR007@6_2_X296_FE_time_imgs.npy
C:\Users\root\Desktop\class\math model\dataset\源域数据集\FE\12kHz OR\OR007@6_2.mat,X296_BA_time,13,1756.0,image,C:\Users\root\Desktop\class\math model\dataset_tensors\FE\12kHz OR\OR007@6_2_X296_BA_time_imgs.npy
C:\Users\root\Desktop\class\math model\dataset\源域数据集\FE\12kHz OR\OR007@6_3.mat,X297_DE_time,13,1733.0,image,C:\Users\root\Desktop\class\math model\dataset_tensors\FE\12kHz OR\OR007@6_3_X297_DE_time_imgs.npy
C:\Users\root\Desktop\class\math model\dataset\源域数据集\FE\12kHz OR\OR007@6_3.mat,X297_FE_time,13,1733.0,image,C:\Users\root\Desktop\class\math model\dataset_tensors\FE\12kHz OR\OR007@6_3_X297_FE_time_imgs.npy
C:\Users\root\Desktop\class\math model\dataset\源域数据集\FE\12kHz OR\OR007@6_3.mat,X297_BA_time,13,1733.0,image,C:\Users\root\Desktop\class\math model\dataset_tensors\FE\12kHz OR\OR007@6_3_X297_BA_time_imgs.npy
C:\Users\root\Desktop\class\math model\dataset\源域数据集\FE\12kHz OR\OR014@3_0.mat,X310_DE_time,13,1796.0,image,C:\Users\root\Desktop\class\math model\dataset_tensors\FE\12kHz OR\OR014@3_0_X310_DE_time_imgs.npy
C:\Users\root\Desktop\class\math model\dataset\源域数据集\FE\12kHz OR\OR014@3_0.mat,X310_FE_time,13,1796.0,image,C:\Users\root\Desktop\class\math model\dataset_tensors\FE\12kHz OR\OR014@3_0_X310_FE_time_imgs.npy
C:\Users\root\Desktop\class\math model\dataset\源域数据集\FE\12kHz OR\OR014@3_0.mat,X310_BA_time,13,1796.0,image,C:\Users\root\Desktop\class\math model\dataset_tensors\FE\12kHz OR\OR014@3_0_X310_BA_time_imgs.npy
C:\Users\root\Desktop\class\math model\dataset\源域数据集\FE\12kHz OR\OR014@3_1.mat,X309_DE_time,17,1774.0,image,C:\Users\root\Desktop\class\math model\dataset_tensors\FE\12kHz OR\OR014@3_1_X309_DE_time_imgs.npy
C:\Users\root\Desktop\class\math model\dataset\源域数据集\FE\12kHz OR\OR014@3_1.mat,X309_FE_time,17,1774.0,image,C:\Users\root\Desktop\class\math model\dataset_tensors\FE\12kHz OR\OR014@3_1_X309_FE_time_imgs.npy
C:\Users\root\Desktop\class\math model\dataset\源域数据集\FE\12kHz OR\OR014@3_1.mat,X309_BA_time,17,1774.0,image,C:\Users\root\Desktop\class\math model\dataset_tensors\FE\12kHz OR\OR014@3_1_X309_BA_time_imgs.npy
C:\Users\root\Desktop\class\math model\dataset\源域数据集\FE\12kHz OR\OR014@3_2.mat,X311_DE_time,13,1752.0,image,C:\Users\root\Desktop\class\math model\dataset_tensors\FE\12kHz OR\OR014@3_2_X311_DE_time_imgs.npy
C:\Users\root\Desktop\class\math model\dataset\源域数据集\FE\12kHz OR\OR014@3_2.mat,X311_FE_time,13,1752.0,image,C:\Users\root\Desktop\class\math model\dataset_tensors\FE\12kHz OR\OR014@3_2_X311_FE_time_imgs.npy
C:\Users\root\Desktop\class\math model\dataset\源域数据集\FE\12kHz OR\OR014@3_2.mat,X311_BA_time,13,1752.0,image,C:\Users\root\Desktop\class\math model\dataset_tensors\FE\12kHz OR\OR014@3_2_X311_BA_time_imgs.npy
C:\Users\root\Desktop\class\math model\dataset\源域数据集\FE\12kHz OR\OR014@3_3.mat,X312_DE_time,13,1728.0,image,C:\Users\root\Desktop\class\math model\dataset_tensors\FE\12kHz OR\OR014@3_3_X312_DE_time_imgs.npy
C:\Users\root\Desktop\class\math model\dataset\源域数据集\FE\12kHz OR\OR014@3_3.mat,X312_FE_time,13,1728.0,image,C:\Users\root\Desktop\class\math model\dataset_tensors\FE\12kHz OR\OR014@3_3_X312_FE_time_imgs.npy
C:\Users\root\Desktop\class\math model\dataset\源域数据集\FE\12kHz OR\OR014@3_3.mat,X312_BA_time,13,1728.0,image,C:\Users\root\Desktop\class\math model\dataset_tensors\FE\12kHz OR\OR014@3_3_X312_BA_time_imgs.npy
C:\Users\root\Desktop\class\math model\dataset\源域数据集\FE\12kHz OR\OR014@6_0.mat,X313_DE_time,13,1797.0,image,C:\Users\root\Desktop\class\math model\dataset_tensors\FE\12kHz OR\OR014@6_0_X313_DE_time_imgs.npy
C:\Users\root\Desktop\class\math model\dataset\源域数据集\FE\12kHz OR\OR014@6_0.mat,X313_FE_time,13,1797.0,image,C:\Users\root\Desktop\class\math model\dataset_tensors\FE\12kHz OR\OR014@6_0_X313_FE_time_imgs.npy
C:\Users\root\Desktop\class\math model\dataset\源域数据集\FE\12kHz OR\OR014@6_0.mat,X313_BA_time,13,1797.0,image,C:\Users\root\Desktop\class\math model\dataset_tensors\FE\12kHz OR\OR014@6_0_X313_BA_time_imgs.npy
C:\Users\root\Desktop\class\math model\dataset\源域数据集\FE\12kHz OR\OR021@3_1.mat,X316_DE_time,13,1773.0,image,C:\Users\root\Desktop\class\math model\dataset_tensors\FE\12kHz OR\OR021@3_1_X316_DE_time_imgs.npy
C:\Users\root\Desktop\class\math model\dataset\源域数据集\FE\12kHz OR\OR021@3_1.mat,X316_FE_time,13,1773.0,image,C:\Users\root\Desktop\class\math model\dataset_tensors\FE\12kHz OR\OR021@3_1_X316_FE_time_imgs.npy
C:\Users\root\Desktop\class\math model\dataset\源域数据集\FE\12kHz OR\OR021@3_1.mat,X316_BA_time,13,1773.0,image,C:\Users\root\Desktop\class\math model\dataset_tensors\FE\12kHz OR\OR021@3_1_X316_BA_time_imgs.npy
C:\Users\root\Desktop\class\math model\dataset\源域数据集\FE\12kHz OR\OR021@3_2.mat,X317_DE_time,13,1751.0,image,C:\Users\root\Desktop\class\math model\dataset_tensors\FE\12kHz OR\OR021@3_2_X317_DE_time_imgs.npy
C:\Users\root\Desktop\class\math model\dataset\源域数据集\FE\12kHz OR\OR021@3_2.mat,X317_FE_time,13,1751.0,image,C:\Users\root\Desktop\class\math model\dataset_tensors\FE\12kHz OR\OR021@3_2_X317_FE_time_imgs.npy
C:\Users\root\Desktop\class\math model\dataset\源域数据集\FE\12kHz OR\OR021@3_2.mat,X317_BA_time,13,1751.0,image,C:\Users\root\Desktop\class\math model\dataset_tensors\FE\12kHz OR\OR021@3_2_X317_BA_time_imgs.npy
C:\Users\root\Desktop\class\math model\dataset\源域数据集\FE\12kHz OR\OR021@3_3.mat,X318_DE_time,13,1728.0,image,C:\Users\root\Desktop\class\math model\dataset_tensors\FE\12kHz OR\OR021@3_3_X318_DE_time_imgs.npy
C:\Users\root\Desktop\class\math model\dataset\源域数据集\FE\12kHz OR\OR021@3_3.mat,X318_FE_time,13,1728.0,image,C:\Users\root\Desktop\class\math model\dataset_tensors\FE\12kHz OR\OR021@3_3_X318_FE_time_imgs.npy
C:\Users\root\Desktop\class\math model\dataset\源域数据集\FE\12kHz OR\OR021@3_3.mat,X318_BA_time,13,1728.0,image,C:\Users\root\Desktop\class\math model\dataset_tensors\FE\12kHz OR\OR021@3_3_X318_BA_time_imgs.npy
C:\Users\root\Desktop\class\math model\dataset\源域数据集\FE\12kHz OR\OR021@6_0.mat,X315_DE_time,13,1797.0,image,C:\Users\root\Desktop\class\math model\dataset_tensors\FE\12kHz OR\OR021@6_0_X315_DE_time_imgs.npy
C:\Users\root\Desktop\class\math model\dataset\源域数据集\FE\12kHz OR\OR021@6_0.mat,X315_FE_time,13,1797.0,image,C:\Users\root\Desktop\class\math model\dataset_tensors\FE\12kHz OR\OR021@6_0_X315_FE_time_imgs.npy
C:\Users\root\Desktop\class\math model\dataset\源域数据集\FE\12kHz OR\OR021@6_0.mat,X315_BA_time,13,1797.0,image,C:\Users\root\Desktop\class\math model\dataset_tensors\FE\12kHz OR\OR021@6_0_X315_BA_time_imgs.npy
